Tm, Pr,Th,Sv,Idx
-20,500,0.027368,350.861031,54.90323934
-20,500,0.0270229,343.8976955,52.15534246
-20,500,0.0266779,336.4758299,49.53320114
-20,500,0.0263328,330.2904148,47.02575657
-20,500,0.0259877,324.4338765,44.62343969
-20,500,0.0256427,318.8777547,42.31766622
-20,500,0.0252976,313.5973835,40.10094715
-20,500,0.0249525,307.7832198,37.9664985
-20,500,0.0246074,303.0037533,35.90833625
-20,500,0.0242624,298.4399542,33.92108467
-20,500,0.0239173,294.0766435,31.99983964
-20,500,0.0237995,292.7374189,31.51045603
-20,500,0.0241446,297.0403301,33.41329195
-20,500,0.0236817,291.415903,31.02612868
-20,500,0.0244897,301.5389863,35.38081166
-20,500,0.0240268,295.6603121,32.91097738
-20,500,0.023564,290.1124122,30.5467886
-20,500,0.0248347,306.2485664,37.41768159
-20,500,0.0243719,300.0957228,34.85914559
-20,500,0.023909,294.2992678,32.4139818
-20,500,0.0234462,288.8263139,30.07229576
-20,500,0.0251798,311.9830407,39.52917428
-20,500,0.024717,304.7366815,36.87524203
-20,500,0.0242541,298.6726978,34.3432514
-20,500,0.0237912,292.9568809,31.92223074
-20,500,0.0233284,287.5569756,29.60258568
-20,500,0.0255249,317.1796116,41.72108354
-20,500,0.025062,309.6002645,38.96428101
-20,500,0.0245992,303.2472487,36.3389844
-20,500,0.0241363,297.2699114,33.83295823
-20,500,0.0236735,291.6325191,31.43557419
-20,500,0.0232106,286.3043974,29.13752617
-20,500,0.0258699,322.6471897,43.99987497
-20,500,0.0254071,315.5102452,41.13194003
-20,500,0.0249442,308.0384156,38.40612889
-20,500,0.0244814,301.7790032,35.80881462
-20,500,0.0240185,295.886415,33.32818556
-20,500,0.0235557,290.3261822,30.9539427
-20,500,0.0230928,285.0679469,28.67705683
-20,500,0.026215,328.4056973,46.37289635
-20,500,0.0257522,320.8889633,43.38447403
-20,500,0.0252893,313.8661771,40.55008141
-20,500,0.0248265,306.5002837,37.85450742
-20,500,0.0243636,300.3322611,35.28454906
-20,500,0.0239008,294.5222084,32.82877249
-20,500,0.0234379,289.0372378,30.47719475
-20,500,0.0229751,283.8476239,28.22105275
-20,500,0.0265601,334.4835949,48.84828466
-20,500,0.0260972,326.5526026,45.72888156
-20,500,0.0256344,319.1591974,42.77696547
-20,500,0.0251715,312.2474071,39.97535706
-20,500,0.0247087,304.984604,37.30931417
-20,500,0.0242458,298.9060739,34.76610043
-20,500,0.023783,293.1769755,32.33464407
-20,500,0.0233201,287.7650535,30.00526543
-20,500,0.0228573,281.9167372,27.76945732
-20,500,0.0269051,341.7821318,51.43539209
-20,500,0.0264423,332.5261451,48.17313623
-20,500,0.0259795,324.7311306,45.09354581
-20,500,0.0255166,317.457892,42.17718093
-20,500,0.0250537,309.8602037,39.40754
-20,500,0.0245909,303.4913765,36.77035161
-20,500,0.024128,297.499809,34.25329603
-20,500,0.0236652,291.8497675,31.84564864
-20,500,0.0232024,286.5096292,29.53802112
-20,500,0.0227395,280.7302506,27.3221524
-20,1000,0.027368,362.2515551,54.89289552
-20,1000,0.0270229,355.063698,52.14550605
-20,1000,0.0266779,356.4835606,49.52384884
-20,1000,0.0263328,349.928159,47.01686714
-20,1000,0.0259877,335.8212384,44.61499366
-20,1000,0.0256427,330.0690553,42.3096457
-20,1000,0.0252976,324.6046395,40.09333564
-20,1000,0.0249525,310.1416464,37.95928077
-20,1000,0.0246074,305.3254976,35.90149816
-20,1000,0.0242624,300.7269134,33.91461311
-20,1000,0.0239173,294.829898,31.99372238
-20,1000,0.0237995,293.4868787,31.50443232
-20,1000,0.0241446,299.3165375,33.4069174
-20,1000,0.0236817,292.1622006,31.02019756
-20,1000,0.0244897,303.8496626,35.37407429
-20,1000,0.0240268,296.4173614,32.9046988
-20,1000,0.023564,290.8555474,30.54094911
-20,1000,0.0248347,308.5952927,37.41056857
-20,1000,0.0243719,302.3953311,34.85250782
-20,1000,0.023909,295.0528386,32.40779816
-20,1000,0.0234462,289.5659706,30.06654698
-20,1000,0.0251798,322.9317947,39.52167179
-20,1000,0.024717,307.0720235,36.86823251
-20,1000,0.0242541,300.9615544,34.33671213
-20,1000,0.0237912,293.7069732,31.91614105
-20,1000,0.0233284,288.2934701,29.5969267
-20,1000,0.0255249,328.3139912,41.71317669
-20,1000,0.025062,311.9726052,38.95688624
-20,1000,0.0245992,305.5708903,36.3320772
-20,1000,0.0241363,299.5477,33.82651639
-20,1000,0.0236735,292.379449,31.42957748
-20,1000,0.0232106,287.0377296,29.13195608
-20,1000,0.0258699,333.971306,43.99154768
-20,1000,0.0254071,326.5842254,41.12414544
-20,1000,0.0249442,310.3990558,38.39884054
-20,1000,0.0244814,304.0915768,35.80200857
-20,1000,0.0240185,296.6440967,33.32184009
-20,1000,0.0235557,291.0696336,30.94803801
-20,1000,0.0230928,285.7981168,28.67157477
-20,1000,0.026215,347.9327618,46.36413115
-20,1000,0.0257522,332.1529963,43.37626391
-20,1000,0.0252893,324.88292,40.54239769
-20,1000,0.0248265,308.8489073,37.84732426
-20,1000,0.0243636,302.6337668,35.27784305
-20,1000,0.0239008,295.2767278,32.82252238
-20,1000,0.0234379,289.7772108,30.47138113
-20,1000,0.0229751,284.5743153,28.21565786
-20,1000,0.0265601,354.3711592,48.83906261
-20,1000,0.0260972,345.9689874,45.72023892
-20,1000,0.0256344,330.3631472,42.76887104
-20,1000,0.0251715,323.2069128,39.96778286
-20,1000,0.0247087,307.3215272,37.30223496
-20,1000,0.0242458,301.1965116,34.75949334
-20,1000,0.023783,293.9277002,32.3284883
-20,1000,0.0233201,288.5021804,29.99954197
-20,1000,0.0228573,283.5029503,27.76414876
-20,1000,0.0269051,352.8785641,51.42569249
-20,1000,0.0264423,352.2998673,48.16404256
-20,1000,0.0259795,336.1279793,45.08502406
-20,1000,0.0255166,328.6017585,42.16920072
-20,1000,0.0250537,312.2344418,39.400074
-20,1000,0.0245909,305.8169155,36.76337517
-20,1000,0.024128,299.779495,34.24678679
-20,1000,0.0236652,292.5970137,31.83958624
-20,1000,0.0232024,287.2435939,29.53238693
-20,1000,0.0227395,282.3047667,27.31692935
-20,1500,0.027368,370.7770557,54.88484853
-20,1500,0.0270229,363.4184355,52.13784783
-20,1500,0.0266779,356.4835606,49.51656148
-20,1500,0.0263328,349.928159,47.00993432
-20,1500,0.0259877,335.8212384,44.60840041
-20,1500,0.0256427,330.0690553,42.3033783
-20,1500,0.0252976,324.6046395,40.08738143
-20,1500,0.0249525,310.9239939,37.95362804
-20,1500,0.0246074,306.0955122,35.89613607
-20,1500,0.0242624,301.4855438,33.90953157
-20,1500,0.0239173,296.3300825,31.98891201
-20,1500,0.0237995,294.9804224,31.49969552
-20,1500,0.0241446,300.0716895,33.40191211
-20,1500,0.0236817,293.6491035,31.01553356
-20,1500,0.0244897,304.6161987,35.36879133
-20,1500,0.0240268,297.9260841,32.89976894
-20,1500,0.023564,292.3354934,30.53635717
-20,1500,0.0248347,309.3738454,37.40499807
-20,1500,0.0243719,303.1580724,34.84730311
-20,1500,0.023909,296.5546042,32.40294293
-20,1500,0.0234462,291.039592,30.06202637
-20,1500,0.0251798,322.9317947,39.51580315
-20,1500,0.024717,307.8464653,36.86274328
-20,1500,0.0242541,301.720501,34.3315848
-20,1500,0.0237912,295.2017819,31.91135967
-20,1500,0.0233284,289.7607669,29.59247669
-20,1500,0.0255249,328.3139912,41.70699848
-20,1500,0.025062,312.7593799,38.95110214
-20,1500,0.0245992,306.3415374,36.32666833
-20,1500,0.0241363,300.3031682,33.8214656
-20,1500,0.0236735,293.8673007,31.42486917
-20,1500,0.0232106,288.4983857,29.12757599
-20,1500,0.0258699,333.971306,43.98504754
-20,1500,0.0254071,326.5842254,41.1180553
-20,1500,0.0249442,311.1817196,38.39313997
-20,1500,0.0244814,304.8587454,35.79667913
-20,1500,0.0240185,298.1537681,33.31686502
-20,1500,0.0235557,292.5508445,30.94340202
-20,1500,0.0230928,287.2524483,28.6672639
-20,1500,0.026215,347.9327618,46.35729569
-20,1500,0.0257522,332.1529963,43.36985567
-20,1500,0.0252893,324.88292,40.53639453
-20,1500,0.0248265,309.6277763,37.84170625
-20,1500,0.0243636,303.3968244,35.27259216
-20,1500,0.0239008,296.779126,32.81762222
-20,1500,0.0234379,291.2520971,30.46681674
-20,1500,0.0229751,286.0226385,28.21141554
-20,1500,0.0265601,354.3711592,48.83187726
-20,1500,0.0260972,345.9689874,45.7134995
-20,1500,0.0256344,330.3631472,42.7625535
-20,1500,0.0251715,323.2069128,39.96186562
-20,1500,0.0247087,308.0966015,37.29669856
-20,1500,0.0242458,301.9560907,34.75432014
-20,1500,0.023783,295.4234575,32.32366226
-20,1500,0.0233201,289.9704259,29.99504845
-20,1500,0.0228573,284.0882732,27.75997432
-20,1500,0.0269051,361.1827052,51.41814137
-20,1500,0.0264423,352.2998673,48.15695779
-20,1500,0.0259795,336.1279793,45.0783794
-20,1500,0.0255166,328.6017585,42.16297274
-20,1500,0.0250537,313.0221652,39.39424165
-20,1500,0.0245909,306.588195,36.75791943
-20,1500,0.024128,300.5355956,34.24169043
-20,1500,0.0236652,294.0861303,31.83483355
-20,1500,0.0232024,288.7051986,29.52796357
-20,1500,0.0227395,282.8922998,27.31282215
-20,2000,0.027368,395.2499225,54.87693687
-20,2000,0.0270229,395.0791595,52.13031304
-20,2000,0.0266779,380.0109064,49.50938618
-20,2000,0.0263328,373.0254351,47.00310265
-20,2000,0.0259877,359.0070582,44.60189784
-20,2000,0.0256427,352.8595904,42.29719148
-20,2000,0.0252976,347.0157013,40.08149805
-20,2000,0.0249525,311.7041278,37.94803674
-20,2000,0.0246074,314.4417116,35.89082631
-20,2000,0.0242624,309.7058846,33.90449356
-20,2000,0.0239173,305.1778192,31.98413663
-20,2000,0.0237995,303.7879982,31.49499317
-20,2000,0.0241446,308.2534504,33.39694977
-20,2000,0.0236817,302.4168346,31.01090349
-20,2000,0.0244897,312.921921,35.36356006
-20,2000,0.0240268,306.8212549,32.89488144
-20,2000,0.023564,301.0640122,30.53179863
-20,2000,0.0248347,317.8089048,37.3994883
-20,2000,0.0243719,311.42395,34.84214945
-20,2000,0.023909,305.4086655,32.39812949
-20,2000,0.0234462,299.7292148,30.05753864
-20,2000,0.0251798,345.2290144,39.51000458
-20,2000,0.024717,316.2404151,36.85731409
-20,2000,0.0242541,309.9474826,34.3265079
-20,2000,0.0237912,304.0156821,31.9066195
-20,2000,0.0233284,298.4121261,29.58805906
-20,2000,0.0255249,350.9811975,41.7009
-20,2000,0.025062,313.5442572,38.94538735
-20,2000,0.0245992,314.6943776,36.3213188
-20,2000,0.0241363,308.4915699,33.81646463
-20,2000,0.0236735,302.6413563,31.42020153
-20,2000,0.0232106,297.1121138,29.12322776
-20,2000,0.0258699,357.0306347,43.97863716
-20,2000,0.0254071,349.1344273,41.11204407
-20,2000,0.0249442,311.9628021,38.38750798
-20,2000,0.0244814,313.1711084,35.79140838
-20,2000,0.0240185,307.0558959,33.31193915
-20,2000,0.0235557,301.2856878,30.93880615
-20,2000,0.0230928,295.8291777,28.66298438
-20,2000,0.026215,370.8972222,46.35056039
-20,2000,0.0257522,355.0858339,43.36353627
-20,2000,0.0252893,347.3129554,40.53046947
-20,2000,0.0248265,318.0713739,37.83615608
-20,2000,0.0243636,311.6693428,35.26739929
-20,2000,0.0239008,305.6401442,32.81277066
-20,2000,0.0234379,299.9480444,30.4622919
-20,2000,0.0229751,294.5623693,28.20720408
-20,2000,0.0265601,377.762527,48.82480289
-20,2000,0.0260972,368.8037944,45.70685926
-20,2000,0.0256344,353.1726559,42.75632393
-20,2000,0.0251715,345.5231063,39.95602568
-20,2000,0.0247087,316.4965596,37.29122926
-20,2000,0.0242458,310.1893968,34.74920429
-20,2000,0.023783,304.2439986,32.31888422
-20,2000,0.0233201,298.6281097,29.99059394
-20,2000,0.0228573,285.5267934,27.75583025
-20,2000,0.0269051,392.647368,51.41071249
-20,2000,0.0264423,375.5520949,48.14998291
-20,2000,0.0259795,359.3359351,45.07183295
-20,2000,0.0255166,351.2879384,42.15683186
-20,2000,0.0250537,313.8076749,39.3884858
-20,2000,0.0245909,314.947676,36.75253008
-20,2000,0.024128,308.7300057,34.23665076
-20,2000,0.0236652,302.8668267,31.83012827
-20,2000,0.0232024,297.3252513,29.52357868
-20,2000,0.0227395,284.3248116,27.30874483
-20,2500,0.027368,410.7545698,54.86807352
-20,2500,0.0270229,402.6053803,52.12187025
-20,2500,0.0266779,394.9178833,49.50134452
-20,2500,0.0263328,387.6572938,46.99544442
-20,2500,0.0259877,366.4099502,44.5946068
-20,2500,0.0256427,360.1359913,42.29025274
-20,2500,0.0252976,354.1719357,40.07489787
-20,2500,0.0249525,326.9194268,37.94176242
-20,2500,0.0246074,321.8408089,35.8848661
-20,2500,0.0242624,316.9930372,33.89883651
-20,2500,0.0239173,319.3805568,31.97877257
-20,2500,0.0237995,317.9259091,31.48971115
-20,2500,0.0241446,322.5997555,33.39137771
-20,2500,0.0236817,316.4902351,31.00570266
-20,2500,0.0244897,320.2849683,35.35768799
-20,2500,0.0240268,321.1008359,32.88939345
-20,2500,0.023564,315.0744834,30.52667815
-20,2500,0.0248347,325.2876915,37.39330553
-20,2500,0.0243719,318.7512636,34.83636454
-20,2500,0.023909,319.6208899,32.39272468
-20,2500,0.0234462,313.6773891,30.0524977
-20,2500,0.0251798,352.3473015,39.50349961
-20,2500,0.024717,323.6812545,36.85122181
-20,2500,0.0242541,317.2396949,34.3208092
-20,2500,0.0237912,318.1630799,31.90129699
-20,2500,0.0233284,312.2989523,29.58309685
-20,2500,0.0255249,358.2196511,41.69406044
-20,2500,0.025062,328.8484162,38.93897647
-20,2500,0.0245992,322.1001156,36.31531598
-20,2500,0.0241363,322.8464132,33.81085119
-20,2500,0.0236735,316.7242436,31.41496046
-20,2500,0.0232106,310.9385404,29.1183435
-20,2500,0.0258699,364.3924171,43.97144961
-20,2500,0.0254071,356.3317713,41.10530245
-20,2500,0.0249442,327.1882204,38.38119005
-20,2500,0.0244814,320.5411127,35.785494
-20,2500,0.0240185,321.3443313,33.30641006
-20,2500,0.0235557,315.3062783,30.93364568
-20,2500,0.0230928,309.5958373,28.65817731
-20,2500,0.026215,385.4468617,46.34301031
-20,2500,0.0257522,362.4065067,43.35645086
-20,2500,0.0252893,354.4755143,40.5238246
-20,2500,0.0248265,325.5564851,37.82993002
-20,2500,0.0243636,319.0042458,35.26157237
-20,2500,0.0239008,319.8643853,32.80732501
-20,2500,0.0234379,313.906338,30.45721123
-20,2500,0.0229751,308.2702105,28.20247345
-20,2500,0.0265601,392.5809601,48.8168745
-20,2500,0.0260972,383.2712147,45.69941588
-20,2500,0.0256344,360.4553814,42.74933934
-20,2500,0.0251715,352.6477178,39.94947636
-20,2500,0.0247087,323.9468858,37.28509399
-20,2500,0.0242458,317.4895148,34.74346386
-20,2500,0.023783,318.403413,32.31352114
-20,2500,0.0233201,312.5250551,29.98559225
-20,2500,0.0228573,300.2143082,27.75117532
-20,2500,0.0269051,400.1261546,51.40238854
-20,2500,0.0264423,390.2851465,48.14216617
-20,2500,0.0259795,366.7451516,45.06449483
-20,2500,0.0255166,358.5327166,42.14994682
-20,2500,0.0250537,329.1235343,39.38203089
-20,2500,0.0245909,322.3594224,36.74648457
-20,2500,0.024128,323.0962331,34.23099588
-20,2500,0.0236652,316.9614144,31.8248469
-20,2500,0.0232024,311.1617972,29.5186552
-20,2500,0.0227395,298.950662,27.30416489
-20,3000,0.027368,425.6963318,54.85832553
-20,3000,0.0270229,417.2498881,52.11258511
-20,3000,0.0266779,409.2841107,49.49250085
-20,3000,0.0263328,401.7610522,46.98702274
-20,3000,0.0259877,387.7711358,44.58658926
-20,3000,0.0256427,381.1303527,42.28262294
-20,3000,0.0252976,374.8216088,40.06764068
-20,3000,0.0249525,348.4956473,37.93486388
-20,3000,0.0246074,343.0849902,35.87831325
-20,3000,0.0242624,337.9178285,33.89261734
-20,3000,0.0239173,326.2490239,31.97287587
-20,3000,0.0237995,324.7627534,31.48390462
-20,3000,0.0241446,336.3335274,33.38525195
-20,3000,0.0236817,323.2986189,30.99998538
-20,3000,0.0244897,341.4247944,35.35123204
-20,3000,0.0240268,328.0072503,32.88336011
-20,3000,0.023564,321.8502957,30.5210492
-20,3000,0.0248347,346.7595568,37.38650763
-20,3000,0.0243719,339.7898969,34.83000442
-20,3000,0.023909,326.4956816,32.38678278
-20,3000,0.0234462,320.4241085,30.04695618
-20,3000,0.0251798,372.8894571,39.4963471
-20,3000,0.024717,345.0456023,36.84452339
-20,3000,0.0242541,338.1802975,34.31454384
-20,3000,0.0237912,325.0062488,31.89544556
-20,3000,0.0233284,319.0168949,29.57764189
-20,3000,0.0255249,379.1033327,41.68653967
-20,3000,0.025062,350.55429,38.93192738
-20,3000,0.0245992,343.3601083,36.3087159
-20,3000,0.0241363,336.5928341,33.80467957
-20,3000,0.0236735,323.5357897,31.40919857
-20,3000,0.0232106,317.6254927,29.11297424
-20,3000,0.0258699,385.6365984,43.96354584
-20,3000,0.0254071,377.1079355,41.09788937
-20,3000,0.0249442,348.7834145,38.37424315
-20,3000,0.0244814,341.6967503,35.77899115
-20,3000,0.0240185,328.2570702,33.30033116
-20,3000,0.0235557,322.0874665,30.92797241
-20,3000,0.0230928,316.2530642,28.65289291
-20,3000,0.026215,399.4684009,46.33470755
-20,3000,0.0257522,383.536846,43.34865938
-20,3000,0.0252893,375.1409988,40.51651787
-20,3000,0.0248265,347.0441618,37.82308412
-20,3000,0.0243636,340.0586905,35.25516567
-20,3000,0.0239008,326.7423392,32.80133786
-20,3000,0.0234379,320.658117,30.45162568
-20,3000,0.0229751,314.9005581,28.19727307
-20,3000,0.0265601,406.861806,48.80815536
-20,3000,0.0260972,397.2136969,45.69123042
-20,3000,0.0256344,381.4687164,42.74165872
-20,3000,0.0251715,373.2056849,39.94227467
-20,3000,0.0247087,345.327045,37.27834791
-20,3000,0.0242458,338.4427666,34.73715224
-20,3000,0.023783,325.2497442,32.30762475
-20,3000,0.0233201,319.2477412,29.98009352
-20,3000,0.0228573,306.96166,27.74605816
-20,3000,0.0269051,414.6821187,51.39323406
-20,3000,0.0264423,404.480611,48.1335698
-20,3000,0.0259795,388.1284732,45.0564251
-20,3000,0.0255166,379.4353719,42.14237564
-20,3000,0.0250537,350.8483818,39.374933
-20,3000,0.0245909,343.6352265,36.73983718
-20,3000,0.024128,336.8521409,34.22477832
-20,3000,0.0236652,323.7792851,31.81904034
-20,3000,0.0232024,317.8531767,29.51324244
-20,3000,0.0227395,305.6695534,27.29913015
0,500,0.030285,364.4493381,54.77175103
0,500,0.0299058,357.217209,52.03033695
0,500,0.0295267,350.3993384,49.414381
0,500,0.0291475,343.9546165,46.91285056
0,500,0.0287683,336.1374662,44.5161992
0,500,0.0283892,330.3821208,42.21586296
0,500,0.02801,324.9113805,40.00437055
0,500,0.0276308,320.5221391,37.87495403
0,500,0.0272517,315.5440816,35.82164356
0,500,0.0268725,310.7914945,33.83907613
0,500,0.0264933,305.4652702,31.9223592
0,500,0.026365,304.0738681,31.43416052
0,500,0.0267442,308.5437475,33.33251233
0,500,0.0262367,302.7014396,30.95100587
0,500,0.0271234,314.0189151,35.29539504
0,500,0.0266159,307.1102871,32.83141343
0,500,0.0261084,301.3473523,30.4728264
0,500,0.0275025,318.9220266,37.32746405
0,500,0.0269951,312.5155683,34.77499087
0,500,0.0264876,305.6964327,32.33562065
0,500,0.0259801,300.0112899,29.99948244
0,500,0.0278817,324.0638901,39.43397942
0,500,0.0273742,317.3503746,36.786336
0,500,0.0268668,311.033725,34.26034462
0,500,0.0263593,304.3018683,31.8450597
0,500,0.0258518,298.6929364,29.53090966
0,500,0.0282609,328.6238944,41.62072126
0,500,0.0277534,322.4131811,38.87045129
0,500,0.0272459,315.7976963,36.25137495
0,500,0.0267384,308.781867,33.75128585
0,500,0.026231,302.9262775,31.35958093
0,500,0.0257235,297.3916591,29.06697618
0,500,0.02864,334.2843715,43.89413987
0,500,0.0281326,326.8909663,41.03300077
0,500,0.0276251,320.7877704,38.31364801
0,500,0.0271176,314.268735,35.72248703
0,500,0.0266101,307.3452443,33.24773422
0,500,0.0261027,301.5693442,30.87911506
0,500,0.0255952,296.1074582,28.60762176
0,500,0.0290192,341.9940044,46.26156564
0,500,0.0285117,332.4660618,43.28022461
0,500,0.0280042,325.1896609,40.45254759
0,500,0.0274968,319.1844956,37.76335962
0,500,0.0269893,312.7619097,35.19948906
0,500,0.0264818,305.9282277,32.74952925
0,500,0.0259743,300.2304358,30.40352091
0,500,0.0254669,294.8397011,28.1527218
0,500,0.0293984,348.3248843,48.7311163
0,500,0.0288909,340.065015,45.61910482
0,500,0.0283834,330.6730504,42.67418271
0,500,0.0278759,323.5104915,39.87921146
0,500,0.0273685,317.6065191,37.21948392
0,500,0.026861,311.2765879,34.68229396
0,500,0.0263535,304.530501,32.25659612
0,500,0.025846,298.90892,29.93273373
0,500,0.0253386,293.5880716,27.7022198
0,500,0.0297775,355.0194261,51.31212192
0,500,0.0292701,346.2852152,48.05759612
0,500,0.0287626,336.4442071,44.98530212
0,500,0.0282551,328.9116617,42.0758462
0,500,0.0277476,322.685137,39.31276595
0,500,0.0272402,316.0516272,36.68182385
0,500,0.0267327,309.0209352,34.17072946
0,500,0.0262252,303.1517479,31.7687836
0,500,0.0257177,297.6051129,29.46662023
0,500,0.0252103,292.3519372,27.25599793
0,1000,0.030285,393.7921125,54.7619779
0,1000,0.0299058,385.9781244,52.02104291
0,1000,0.0295267,361.7740512,49.40554404
0,1000,0.0291475,355.1237812,46.90445062
0,1000,0.0287683,357.0337969,44.50821789
0,1000,0.0283892,350.9211142,42.2082834
0,1000,0.02801,345.1088479,39.99717715
0,1000,0.0276308,331.7703607,37.86813242
0,1000,0.0272517,326.6190104,35.81518039
0,1000,0.0268725,321.6985064,33.832959
0,1000,0.0264933,307.8059882,31.91657658
0,1000,0.026365,306.4041505,31.42846633
0,1000,0.0267442,310.9081825,33.32648691
0,1000,0.0262367,305.0209702,30.9453992
0,1000,0.0271234,325.0410339,35.28902707
0,1000,0.0266159,309.4636541,32.82547872
0,1000,0.0261084,303.6567636,30.46730635
0,1000,0.0275025,330.1164895,37.32074141
0,1000,0.0269951,323.4851932,34.76871705
0,1000,0.0264876,308.039048,32.32977569
0,1000,0.0259801,302.3102658,29.99404814
0,1000,0.0278817,335.4386028,39.42688907
0,1000,0.0273742,328.4879165,36.7797112
0,1000,0.0268668,321.9514886,34.25416391
0,1000,0.0263593,306.6337318,31.83930355
0,1000,0.0258518,300.981793,29.52556024
0,1000,0.0282609,349.0522081,41.61324914
0,1000,0.0277534,333.7309729,38.86346275
0,1000,0.0272459,326.8814795,36.24484687
0,1000,0.0267384,311.1481994,33.74519723
0,1000,0.026231,305.2477055,31.35391267
0,1000,0.0257235,299.6707126,29.0617108
0,1000,0.02864,355.0668602,43.88627079
0,1000,0.0281326,347.2149248,41.02563476
0,1000,0.0276251,332.0454789,38.30676007
0,1000,0.0271176,325.3003406,35.71605456
0,1000,0.0266101,309.7001925,33.2417367
0,1000,0.0261027,303.8803367,30.87353378
0,1000,0.0255952,298.3763924,28.60243959
0,1000,0.0290192,353.0967613,46.25328312
0,1000,0.0285117,353.1347086,43.2724663
0,1000,0.0280042,345.406102,40.44528638
0,1000,0.0274968,330.3884454,37.75657111
0,1000,0.0269893,323.7381755,35.19315115
0,1000,0.0264818,308.2724241,32.74362186
0,1000,0.0259743,302.5309928,30.39802572
0,1000,0.0254669,295.5945367,28.14762203
0,1000,0.0293984,359.6331892,48.72240244
0,1000,0.0288909,351.1045263,45.61093813
0,1000,0.0283834,351.2310174,42.66653373
0,1000,0.0278759,343.6225774,39.87205376
0,1000,0.0273685,328.7535478,37.21279367
0,1000,0.026861,322.2013085,34.67604956
0,1000,0.0263535,306.8639456,32.25077791
0,1000,0.025846,301.1996739,29.92732377
0,1000,0.0253386,294.339745,27.69720164
0,1000,0.0297775,383.6032538,51.30295718
0,1000,0.0292701,357.5271123,48.0490036
0,1000,0.0287626,357.3626738,44.97724969
0,1000,0.0282551,349.3589491,42.06830517
0,1000,0.0277476,334.0092533,39.30571052
0,1000,0.0272402,327.1439485,36.67523074
0,1000,0.0267327,311.3888487,34.16457754
0,1000,0.0262252,305.4747571,31.76305364
0,1000,0.0257177,299.8854313,29.46129465
0,1000,0.0252103,293.1007646,27.2510606
0,1500,0.030285,410.5553463,54.75306975
0,1500,0.0299058,402.4093191,52.01256813
0,1500,0.0295267,370.2869026,49.39748271
0,1500,0.0291475,363.4816811,46.89678457
0,1500,0.0287683,357.0337969,44.50093045
0,1500,0.0283892,350.9211142,42.20135928
0,1500,0.02801,345.1088479,39.99060226
0,1500,0.0276308,331.7703607,37.86189372
0,1500,0.0272517,326.6190104,35.8092658
0,1500,0.0268725,321.6985064,33.8273573
0,1500,0.0264933,308.5823273,31.9112773
0,1500,0.026365,307.1770111,31.42324811
0,1500,0.0267442,311.6924274,33.32096922
0,1500,0.0262367,305.7903524,30.94026118
0,1500,0.0271234,325.0410339,35.28319969
0,1500,0.0266159,310.2441042,32.82004415
0,1500,0.0261084,304.4226673,30.46224771
0,1500,0.0275025,330.1164895,37.31459336
0,1500,0.0269951,323.4851932,34.7629759
0,1500,0.0264876,308.8157034,32.32442335
0,1500,0.0259801,303.0730072,29.98906807
0,1500,0.0278817,335.4386028,39.42040853
0,1500,0.0273742,328.4879165,36.77365273
0,1500,0.0268668,321.9514886,34.24850805
0,1500,0.0263593,307.4072249,31.83403257
0,1500,0.0258518,301.7410558,29.52065796
0,1500,0.0282609,349.0522081,41.60642338
0,1500,0.0277534,333.7309729,38.85707542
0,1500,0.0272459,326.8814795,36.23887697
0,1500,0.0267384,311.9330767,33.73962573
0,1500,0.026231,306.0177201,31.34872221
0,1500,0.0257235,300.426497,29.05688553
0,1500,0.02864,355.0668602,43.87908605
0,1500,0.0281326,347.2149248,41.01890612
0,1500,0.0276251,332.0454789,38.30046484
0,1500,0.0271176,325.3003406,35.71017223
0,1500,0.0266101,310.4812751,33.23624864
0,1500,0.0261027,304.6465565,30.86842301
0,1500,0.0255952,299.1290145,28.59769058
0,1500,0.0290192,361.4072269,46.24572448
0,1500,0.0285117,353.1347086,43.26538292
0,1500,0.0280042,345.406102,40.43865367
0,1500,0.0274968,330.3884454,37.7503669
0,1500,0.0269893,323.7381755,35.18735541
0,1500,0.0264818,309.0500282,32.73821636
0,1500,0.0259743,303.2940504,30.39299384
0,1500,0.0254669,297.0988322,28.14294854
0,1500,0.0293984,368.0954442,48.7144537
0,1500,0.0288909,359.3675579,45.60348546
0,1500,0.0283834,351.2310174,42.65955041
0,1500,0.0278759,343.6225774,39.8655158
0,1500,0.0273685,328.7535478,37.20667943
0,1500,0.026861,322.2013085,34.67033945
0,1500,0.0263535,307.6380712,32.2454541
0,1500,0.025846,301.959253,29.92236998
0,1500,0.0253386,295.8377159,27.69260294
0,1500,0.0297775,399.9332557,51.29460063
0,1500,0.0292701,365.9419331,48.04116584
0,1500,0.0287626,357.3626738,44.96990157
0,1500,0.0282551,349.3589491,42.06142064
0,1500,0.0277476,334.0092533,39.29926617
0,1500,0.0272402,327.1439485,36.66920545
0,1500,0.0267327,312.1740423,34.15895213
0,1500,0.0262252,306.2454041,31.75781067
0,1500,0.0257177,300.6418481,29.45641817
0,1500,0.0252103,294.5924109,27.24653597
0,2000,0.030285,418.6887245,54.74459765
0,2000,0.0299058,418.1954092,52.00450426
0,2000,0.0295267,402.545297,49.38980827
0,2000,0.0291475,395.1455673,46.8894824
0,2000,0.0287683,380.5990901,44.49398486
0,2000,0.0283892,374.0816358,42.19475583
0,2000,0.02801,367.8867339,39.98432764
0,2000,0.0276308,354.6779001,37.85593564
0,2000,0.0272517,349.1692124,35.80361287
0,2000,0.0268725,343.9103447,33.82199893
0,2000,0.0264933,316.9961995,31.90620363
0,2000,0.026365,315.5526197,31.41825203
0,2000,0.0267442,320.1900999,33.31569127
0,2000,0.0262367,314.1283299,30.93534189
0,2000,0.0271234,347.4837184,35.27763021
0,2000,0.0266159,318.7038294,32.81484575
0,2000,0.0261084,312.7230137,30.45740442
0,2000,0.0275025,352.9101869,37.30872199
0,2000,0.0269951,345.8203604,34.75748894
0,2000,0.0264876,317.2365326,32.31930366
0,2000,0.0259801,311.3366712,29.98430002
0,2000,0.0278817,358.5991244,39.41422413
0,2000,0.0273742,351.1677719,36.76786707
0,2000,0.0268668,344.1791383,34.24310269
0,2000,0.0263593,315.7891581,31.82899076
0,2000,0.0258518,309.9683536,29.51596438
0,2000,0.0282609,372.0925632,41.59991395
0,2000,0.0277534,356.7713279,38.85098017
0,2000,0.0272459,349.4506551,36.23317603
0,2000,0.0267384,320.4367576,33.73430109
0,2000,0.026231,314.361706,31.34375747
0,2000,0.0257235,308.6180611,29.05226569
0,2000,0.02864,378.5056623,43.87223861
0,2000,0.0281326,370.131951,41.01248955
0,2000,0.0276251,354.9719919,38.29445767
0,2000,0.0271176,347.7588366,35.70455506
0,2000,0.0266101,318.9473248,33.23100386
0,2000,0.0261027,312.9532275,30.86353455
0,2000,0.0255952,307.285161,28.59314375
0,2000,0.0290192,392.8908633,46.23852495
0,2000,0.0285117,376.4406949,43.25863235
0,2000,0.0280042,368.2029616,40.4323288
0,2000,0.0274968,353.2011164,37.74444678
0,2000,0.0269893,346.0923162,35.18182107
0,2000,0.0264818,317.4768657,32.73305057
0,2000,0.0259743,311.5637227,30.38818088
0,2000,0.0254669,305.9696535,28.13847401
0,2000,0.0293984,400.1609397,48.70688679
0,2000,0.0288909,390.6741067,45.59638718
0,2000,0.0283834,374.413675,42.65289547
0,2000,0.0278759,366.305595,39.85928152
0,2000,0.0273685,351.4523769,37.20084535
0,2000,0.026861,344.4479319,34.66488703
0,2000,0.0263535,316.0263289,32.24036648
0,2000,0.025846,310.1925591,29.91763176
0,2000,0.0253386,304.6705899,27.68820001
0,2000,0.0297775,415.6244774,51.28664964
0,2000,0.0292701,397.8208542,48.03370493
0,2000,0.0287626,380.9501029,44.96290318
0,2000,0.0282551,372.4182778,42.05486012
0,2000,0.0277476,357.0717443,39.29312139
0,2000,0.0272402,349.7320978,36.66345642
0,2000,0.0267327,320.6865775,34.15358073
0,2000,0.0262252,314.5953983,31.7528004
0,2000,0.0257177,308.8394205,29.45175395
0,2000,0.0252103,303.38797,27.24220396
0,2500,0.030285,434.4937882,54.73603854
0,2500,0.0299058,425.8702571,51.99635497
0,2500,0.0295267,410.2138204,49.3820499
0,2500,0.0291475,402.6717881,46.88209773
0,2500,0.0287683,402.7887924,44.48695809
0,2500,0.0283892,395.8918648,42.18807246
0,2500,0.02801,389.3364632,39.97797431
0,2500,0.0276308,361.9922483,37.84989999
0,2500,0.0272517,356.3697186,35.79788346
0,2500,0.0268725,351.0033334,33.8165651
0,2500,0.0264933,331.7482248,31.9010555
0,2500,0.026365,330.2366561,31.41318263
0,2500,0.0267442,335.0907523,33.31033903
0,2500,0.0262367,328.7472233,30.93035041
0,2500,0.0271234,354.6494396,35.27198543
0,2500,0.0266159,333.5349117,32.80957421
0,2500,0.0261084,327.2767642,30.45249006
0,2500,0.0275025,360.1865878,37.30277427
0,2500,0.0269951,352.9512965,34.75192786
0,2500,0.0264876,331.9980447,32.31411197
0,2500,0.0259801,325.8252787,29.97946199
0,2500,0.0278817,365.9956918,39.40796228
0,2500,0.0273742,358.4093877,36.76200626
0,2500,0.0268668,351.2752893,34.23762439
0,2500,0.0263593,330.4833137,31.82387808
0,2500,0.0258518,324.3927669,29.51120192
0,2500,0.0282609,393.7857879,41.5933259
0,2500,0.0277534,364.129948,38.8448087
0,2500,0.0272459,356.6574859,36.22740115
0,2500,0.0267384,335.350059,33.72890466
0,2500,0.026231,328.9907187,31.33872299
0,2500,0.0257235,322.9792288,29.04757805
0,2500,0.02864,400.5720358,43.86531132
0,2500,0.0281326,391.7113338,41.00599563
0,2500,0.0276251,362.2926647,38.28837551
0,2500,0.0271176,354.9308823,35.69886512
0,2500,0.0266101,333.7910561,33.22568842
0,2500,0.0261027,327.5170973,30.85857745
0,2500,0.0255952,321.5846644,28.58853019
0,2500,0.0290192,400.3728123,46.23124428
0,2500,0.0285117,398.3900642,43.25180324
0,2500,0.0280042,389.6685024,40.42592784
0,2500,0.0274968,360.4838419,37.73845288
0,2500,0.0269893,353.2295769,35.17621514
0,2500,0.0264818,332.2510269,32.72781527
0,2500,0.0259743,326.0624495,30.38330038
0,2500,0.0254669,320.2090736,28.13393381
0,2500,0.0293984,407.7851911,48.69923736
0,2500,0.0288909,398.114946,45.58920911
0,2500,0.0283834,396.2428777,42.64616329
0,2500,0.0278759,387.6604561,39.85297239
0,2500,0.0273685,358.7003173,37.19493868
0,2500,0.026861,351.5504075,34.65936417
0,2500,0.0263535,330.7331336,32.23521046
0,2500,0.025846,324.6267755,29.91282708
0,2500,0.0253386,318.8492942,27.68373246
0,2500,0.0297775,423.2518911,51.27861469
0,2500,0.0292701,405.4008338,48.0261629
0,2500,0.0287626,403.1587789,44.95582631
0,2500,0.0282551,394.1304762,42.04822363
0,2500,0.0277476,364.4335267,39.28690299
0,2500,0.0272402,356.9452532,36.65763599
0,2500,0.0267327,335.6093658,34.14814005
0,2500,0.0262252,329.234214,31.74772284
0,2500,0.0257177,323.2100751,29.44702434
0,2500,0.0252103,317.5053262,27.23780838
0,3000,0.030285,449.7422911,54.72730106
0,3000,0.0299058,440.8183435,51.98803462
0,3000,0.0295267,432.4035227,49.37412743
0,3000,0.0291475,424.4535567,46.8745556
0,3000,0.0287683,409.9197285,44.47978021
0,3000,0.0283892,402.8994721,42.18124408
0,3000,0.02801,396.2270663,39.9714818
0,3000,0.0276308,383.0972894,37.84373079
0,3000,0.0272517,377.1458829,35.7920259
0,3000,0.0268725,371.4664322,33.81100835
0,3000,0.0264933,345.8709568,31.89578947
0,3000,0.026365,344.2961425,31.40799714
0,3000,0.0267442,349.3557868,33.30486573
0,3000,0.0262367,349.5297121,30.92524462
0,3000,0.0271234,375.3244109,35.26621444
0,3000,0.0266159,347.7335383,32.80418345
0,3000,0.0261084,347.9675469,30.44746315
0,3000,0.0275025,381.1872737,37.296695
0,3000,0.0269951,373.5282372,34.74624247
0,3000,0.0264876,346.1334258,32.30880288
0,3000,0.0259801,346.4243554,29.97451317
0,3000,0.0278817,387.3315792,39.40156333
0,3000,0.0273742,379.3057185,36.75601587
0,3000,0.0268668,371.7573617,34.23202365
0,3000,0.0263593,344.5554493,31.8186498
0,3000,0.0258518,344.9001376,29.50633039
0,3000,0.0282609,400.7554479,41.58659497
0,3000,0.0277534,385.3583179,38.83850216
0,3000,0.0272459,377.4494615,36.22149862
0,3000,0.0267384,349.6277427,33.72338766
0,3000,0.026231,349.7890188,31.33357468
0,3000,0.0257235,343.3980557,29.04278306
0,3000,0.02864,407.6618623,43.85823515
0,3000,0.0281326,398.6430464,40.99936094
0,3000,0.0276251,383.4135172,38.28216029
0,3000,0.0271176,375.621665,35.69304947
0,3000,0.0266101,347.9991697,33.22025425
0,3000,0.0261027,348.2236914,30.85350829
0,3000,0.0255952,341.9149475,28.58381097
0,3000,0.0290192,422.031252,46.22380846
0,3000,0.0285117,405.4419434,43.24482745
0,3000,0.0280042,396.5685923,40.41938821
0,3000,0.0274968,381.5003392,37.73232792
0,3000,0.0269893,373.822329,35.17048539
0,3000,0.0264818,346.3958949,32.72246305
0,3000,0.0259743,346.6773376,30.37830956
0,3000,0.0254669,327.0965143,28.12928963
0,3000,0.0293984,429.8420778,48.69142625
0,3000,0.0288909,419.6500569,45.58187817
0,3000,0.0283834,403.2568095,42.63928659
0,3000,0.0278759,394.5225986,39.84652665
0,3000,0.0273685,379.6124594,37.18890292
0,3000,0.026861,372.045129,34.65371937
0,3000,0.0263535,344.8115938,32.22993933
0,3000,0.025846,345.1499575,29.90791382
0,3000,0.0253386,325.7051122,27.6791626
0,3000,0.0297775,438.1051093,51.2704112
0,3000,0.0292701,427.3280671,48.01846156
0,3000,0.0287626,410.2960396,44.94859884
0,3000,0.0282551,401.1064607,42.04144477
0,3000,0.0277476,385.6808703,39.28055002
0,3000,0.0272402,377.7530402,36.65168842
0,3000,0.0267327,349.8965363,34.14257928
0,3000,0.0262252,350.0483256,31.74253196
0,3000,0.0257177,343.6447133,29.44218787
0,3000,0.0252103,324.3358459,27.23331213
20,500,0.0330866,377.5443298,54.63196956
20,500,0.0326778,370.0528941,51.89745292
20,500,0.0322689,362.9883658,49.288078
20,500,0.0318601,356.3159599,46.79284003
20,500,0.0314512,349.9977291,44.40221667
20,500,0.0310424,344.0020507,42.10766556
20,500,0.0306335,338.3067886,39.90173428
20,500,0.0302247,331.1916639,37.77767196
20,500,0.0298159,326.0498004,35.72952381
20,500,0.029407,321.9609754,33.75194036
20,500,0.0289982,317.252344,31.84004141
20,500,0.0288604,315.8074993,31.35310165
20,500,0.0292693,320.4494067,33.24668225
20,500,0.0287227,314.3822608,30.8711929
20,500,0.0296781,324.4718239,35.2046311
20,500,0.0291315,318.9599739,32.74687495
20,500,0.0285849,312.9759959,30.3942465
20,500,0.030087,329.540955,37.23159185
20,500,0.0295404,322.9191455,34.68556768
20,500,0.0289938,317.4926771,32.25236009
20,500,0.0284472,311.5883885,29.92212315
20,500,0.0304958,334.8535814,39.33281132
20,500,0.0299492,327.912382,36.69185732
20,500,0.0294026,322.2107953,34.17224736
20,500,0.028856,316.0443539,31.76306358
20,500,0.0283094,310.218806,29.45475868
20,500,0.0309046,342.1742542,41.51405501
20,500,0.0303581,333.1459515,38.7707337
20,500,0.0298115,326.3091072,36.1582739
20,500,0.0292649,320.6960644,33.66450012
20,500,0.0287183,314.6156369,31.27883616
20,500,0.0281717,308.0785765,28.99202154
20,500,0.0313135,348.0687398,43.78175697
20,500,0.0307669,340.371756,40.92784659
20,500,0.0302203,331.4667821,38.21536364
20,500,0.0296737,324.7311306,35.63074797
20,500,0.0291271,319.2034693,33.16224584
20,500,0.0285805,313.2062097,30.79960872
20,500,0.0280339,306.7482063,28.53385165
20,500,0.0317223,354.2826154,46.14322907
20,500,0.0311757,346.1745355,43.16942042
20,500,0.0306291,338.5977182,40.3488868
20,500,0.0300826,329.8097486,37.6664917
20,500,0.029536,323.1721278,35.10909684
20,500,0.0289894,317.7330102,32.66532443
20,500,0.0284428,311.8157562,30.32524044
20,500,0.0278962,305.4345961,28.08012473
20,500,0.0321312,360.8411792,48.60656859
20,500,0.0315846,352.2840559,45.50241956
20,500,0.031038,344.3087916,42.56493698
20,500,0.0304914,335.1381864,39.77702575
20,500,0.0299448,328.1811756,37.12401595
20,500,0.0293982,322.4637776,34.59323364
20,500,0.0288516,316.2815247,32.17366131
20,500,0.028305,310.4433277,29.85566674
20,500,0.0277584,304.1380623,27.63078444
20,500,0.03254,367.7760542,51.18108203
20,500,0.0319934,358.7287778,47.93477868
20,500,0.0314468,350.3171192,44.87024592
20,500,0.0309002,342.4715083,41.96813914
20,500,0.0303536,333.4273942,39.2120376
20,500,0.0298071,326.5715762,36.58773985
20,500,0.0292605,320.9458843,34.08298654
20,500,0.0287139,314.8496454,31.68710559
20,500,0.0281673,308.2993035,29.39075468
20,500,0.0276207,302.8576561,27.18571323
20,1000,0.0330866,407.943305,54.62691579
20,1000,0.0326778,399.8478742,51.8926423
20,1000,0.0322689,392.2141359,49.28349932
20,1000,0.0318601,385.0041428,46.78848308
20,1000,0.0314512,361.3597928,44.39807208
20,1000,0.0310424,355.1712154,42.10372475
20,1000,0.0306335,349.2925412,39.8979893
20,1000,0.0302247,351.7812538,37.7741155
20,1000,0.0298159,346.3200002,35.72614909
20,1000,0.029407,333.2597935,33.74874107
20,1000,0.0289982,328.3867236,31.83701167
20,1000,0.0288604,326.8909663,31.35011824
20,1000,0.0292693,331.6976283,33.24353097
20,1000,0.0287227,325.4173449,30.86825535
20,1000,0.0296781,344.6439931,35.2013062
20,1000,0.0291315,330.1544368,32.74377118
20,1000,0.0285849,323.9595349,30.39135434
20,1000,0.030087,350.0261896,37.22808718
20,1000,0.0295404,342.9932841,34.68229206
20,1000,0.0289938,328.6365436,32.24930332
20,1000,0.0284472,322.5238608,29.91927591
20,1000,0.0304958,355.6708553,39.32912022
20,1000,0.0299492,348.299586,36.68840381
20,1000,0.0294026,333.5191003,34.16902046
20,1000,0.028856,327.1376239,31.76005331
20,1000,0.0283094,321.1071604,29.45195591
20,1000,0.0309046,353.2833356,41.51017033
20,1000,0.0303581,353.8588702,38.76709582
20,1000,0.0298115,346.5982807,36.15487098
20,1000,0.0292649,331.9537728,33.66132142
20,1000,0.0287183,325.657678,31.27587192
20,1000,0.0281717,310.439533,28.9892628
20,1000,0.0313135,359.3707201,43.77767098
20,1000,0.0307669,351.4207541,40.92401735
20,1000,0.0302203,352.0721833,38.21177834
20,1000,0.0296737,344.9191112,35.62739506
20,1000,0.0291271,330.407419,33.15911482
20,1000,0.0285805,324.199868,30.79669002
20,1000,0.0280339,309.0987273,28.53113651
20,1000,0.0317223,382.8063599,46.13893339
20,1000,0.0311757,357.4132703,43.16539226
20,1000,0.0306291,349.5897953,40.3451123
20,1000,0.0300826,350.3139569,37.66295838
20,1000,0.029536,343.26524,35.10579339
20,1000,0.0289894,328.8863635,32.66224059
20,1000,0.0284428,322.7610317,30.32236682
20,1000,0.0278962,307.7753141,28.07745277
20,1000,0.0321312,389.8930241,48.6020541
20,1000,0.0315846,380.6465242,45.49818432
20,1000,0.031038,355.4874432,42.56096591
20,1000,0.0304914,355.9712716,39.77330534
20,1000,0.0299448,348.5810288,37.120534
20,1000,0.0293982,333.7815693,34.5899791
20,1000,0.0288516,327.3811193,32.17062413
20,1000,0.028305,321.3380067,29.85283776
20,1000,0.0277584,306.4686609,27.62815523
20,1000,0.03254,397.3876222,51.17633879
20,1000,0.0319934,387.6130219,47.93032747
20,1000,0.0314468,361.6918319,44.8660703
20,1000,0.0309002,353.5932388,41.96422444
20,1000,0.0303536,354.1561243,39.20837062
20,1000,0.0298071,346.8765611,36.58430868
20,1000,0.0292605,332.2099173,34.07978038
20,1000,0.0287139,325.9011734,31.6841146
20,1000,0.0281673,310.6618411,29.38796988
20,1000,0.0276207,305.1784516,27.18312638
20,1500,0.0330866,425.3105339,54.61907728
20,1500,0.0326778,416.8704148,51.8851849
20,1500,0.0322689,408.9141242,49.27640552
20,1500,0.0318601,401.394228,46.78173689
20,1500,0.0314512,378.1767854,44.39165886
20,1500,0.0310424,371.7004407,42.09763104
20,1500,0.0306335,365.5466484,39.8922027
20,1500,0.0302247,351.7812538,37.76862455
20,1500,0.0298159,346.3200002,35.72094316
20,1500,0.029407,333.2597935,33.74381029
20,1500,0.0289982,328.3867236,31.83234685
20,1500,0.0288604,326.8909663,31.34552476
20,1500,0.0292693,331.6976283,33.23867415
20,1500,0.0287227,325.4173449,30.86373247
20,1500,0.0296781,344.6439931,35.19617704
20,1500,0.0291315,330.1544368,32.73898752
20,1500,0.0285849,323.9595349,30.38690134
20,1500,0.030087,350.0261896,37.22267601
20,1500,0.0295404,342.9932841,34.6772388
20,1500,0.0289938,328.6365436,32.24459204
20,1500,0.0284472,322.5238608,29.91489208
20,1500,0.0304958,355.6708553,39.32341666
20,1500,0.0299492,348.299586,36.6830715
20,1500,0.0294026,333.5191003,34.16404228
20,1500,0.028856,327.1376239,31.75541366
20,1500,0.0283094,321.1071604,29.44764055
20,1500,0.0309046,369.7240172,41.50416319
20,1500,0.0303581,353.8588702,38.76147431
20,1500,0.0298115,346.5982807,36.14961663
20,1500,0.0292649,331.9537728,33.65641749
20,1500,0.0287183,325.657678,31.27130314
20,1500,0.0281717,311.2221967,28.98501524
20,1500,0.0313135,376.0960067,43.77134815
20,1500,0.0307669,367.7760542,40.91809569
20,1500,0.0302203,352.0721833,38.2062379
20,1500,0.0296737,344.9191112,35.6222178
20,1500,0.0291271,330.407419,33.15428434
20,1500,0.0285805,324.199868,30.7921914
20,1500,0.0280339,309.8782287,28.52695607
20,1500,0.0317223,399.1047389,46.13228175
20,1500,0.0311757,374.0468508,43.15915864
20,1500,0.0306291,365.8597139,40.33927508
20,1500,0.0300826,350.3139569,37.65749807
20,1500,0.029536,343.26524,35.10069234
20,1500,0.0289894,328.8863635,32.65748278
20,1500,0.0284428,322.7610317,30.31793764
20,1500,0.0278962,308.551337,28.0733388
20,1500,0.0321312,406.4918195,48.59505939
20,1500,0.0315846,396.8531972,45.49162595
20,1500,0.031038,372.0293176,42.55482037
20,1500,0.0304914,355.9712716,39.76755152
20,1500,0.0299448,348.5810288,37.11515287
20,1500,0.0293982,333.7815693,34.58495343
20,1500,0.0288516,327.3811193,32.16593824
20,1500,0.028305,321.3380067,29.84847731
20,1500,0.0277584,307.2415216,27.6241071
20,1500,0.03254,414.3058076,51.16898546
20,1500,0.0319934,404.1137867,47.92343045
20,1500,0.0314468,378.5246359,44.85960395
20,1500,0.0309002,370.0465695,41.95816585
20,1500,0.0303536,354.1561243,39.2026992
20,1500,0.0298071,346.8765611,36.57900584
20,1500,0.0292605,332.2099173,34.07482926
20,1500,0.0287139,325.9011734,31.67949986
20,1500,0.0281673,311.4454535,29.38367748
20,1500,0.0276207,305.94815,27.17914345
20,2000,0.0330866,433.7316793,54.61100599
20,2000,0.0326778,433.2225526,51.87750418
20,2000,0.0322689,424.9563588,49.26909738
20,2000,0.0318601,417.1423707,46.77478495
20,2000,0.0314512,402.0867668,44.38504809
20,2000,0.0310424,395.199326,42.09134765
20,2000,0.0306335,388.6565735,39.88623397
20,2000,0.0302247,375.0018586,37.76295872
20,2000,0.0298159,369.1769432,35.71556934
20,2000,0.029407,356.2685257,33.73871835
20,2000,0.0289982,351.0602544,31.82752737
20,2000,0.0288604,349.4633042,31.34077899
20,2000,0.0292693,354.5988431,33.23365861
20,2000,0.0287227,347.8853277,30.85905964
20,2000,0.0296781,367.3934186,35.1908825
20,2000,0.0291315,352.9512965,32.73404755
20,2000,0.0285849,346.3294871,30.3823007
20,2000,0.030087,373.1297902,37.21709257
20,2000,0.0295404,365.6351922,34.67202267
20,2000,0.0289938,351.3258858,32.23972685
20,2000,0.0284472,344.7926201,29.91036291
20,2000,0.0304958,379.1476046,39.31753367
20,2000,0.0299492,371.2893446,36.67756951
20,2000,0.0294026,356.5468062,34.15890368
20,2000,0.028856,349.722611,31.75062246
20,2000,0.0283094,343.2778891,29.44318212
20,2000,0.0309046,393.0964114,41.49796917
20,2000,0.0303581,377.215453,38.75567604
20,2000,0.0298115,369.4741973,36.14419515
20,2000,0.0292649,354.8739613,33.65135559
20,2000,0.0287183,348.1446344,31.26658516
20,2000,0.0281717,319.7094337,28.98062685
20,2000,0.0313135,399.8700101,43.76483069
20,2000,0.0307669,391.0251195,40.91198993
20,2000,0.0302203,375.3117618,38.20052335
20,2000,0.0296737,367.6843481,35.61687591
20,2000,0.0291271,353.2200901,33.14929831
20,2000,0.0285805,346.5824693,30.78754588
20,2000,0.0280339,318.3275184,28.52263704
20,2000,0.0317223,414.7611756,46.12542739
20,2000,0.0311757,397.6912008,43.15273327
20,2000,0.0306291,388.9886127,40.33325649
20,2000,0.0300826,373.4365312,37.65186624
20,2000,0.029536,365.9229594,35.09542917
20,2000,0.0289894,351.5915171,32.65257181
20,2000,0.0284428,345.0456023,30.31336385
20,2000,0.0278962,316.9645767,28.06908844
20,2000,0.0321312,422.4391858,48.58785351
20,2000,0.0315846,412.4210902,45.48486785
20,2000,0.031038,395.5503388,42.54848591
20,2000,0.0304914,379.4669947,39.76161902
20,2000,0.0299448,371.589761,37.10960282
20,2000,0.0293982,356.8250866,34.5797681
20,2000,0.0288516,349.9882423,32.16110153
20,2000,0.028305,343.5277091,29.84397452
20,2000,0.0277584,315.6190276,27.61992475
20,2000,0.03254,430.5599148,51.16141209
20,2000,0.0319934,419.9662847,47.91632537
20,2000,0.0314468,402.453591,44.85294082
20,2000,0.0309002,393.4410996,41.95192114
20,2000,0.0303536,377.5316807,39.19685178
20,2000,0.0298071,369.7714514,36.57353662
20,2000,0.0292605,355.1459172,34.06972093
20,2000,0.0287139,348.4007789,31.67473666
20,2000,0.0281673,319.9371177,29.379245
20,2000,0.0276207,314.2902385,27.17502848
20,2500,0.0330866,450.105953,54.60292218
20,2500,0.0326778,441.1725186,51.86980963
20,2500,0.0322689,432.7513732,49.26177416
20,2500,0.0318601,424.7950826,46.7678167
20,2500,0.0314512,417.2625373,44.37841984
20,2500,0.0310424,410.118952,42.08504563
20,2500,0.0306335,403.3263796,39.8802455
20,2500,0.0302247,396.8626841,37.75727208
20,2500,0.0298159,390.6994049,35.71017365
20,2500,0.029407,363.617659,33.73360352
20,2500,0.0289982,365.3948591,31.82268401
20,2500,0.0288604,363.731501,31.33600969
20,2500,0.0292693,369.0789126,33.22862055
20,2500,0.0287227,362.0902789,30.85436365
20,2500,0.0296781,388.8115252,35.18556647
20,2500,0.0291315,367.3649581,32.72908543
20,2500,0.0285849,360.4711928,30.37767726
20,2500,0.030087,394.8830983,37.2114887
20,2500,0.0295404,386.9489436,34.66678541
20,2500,0.0289938,365.6731395,32.23483987
20,2500,0.0284472,358.8710803,29.90581129
20,2500,0.0304958,401.2519255,39.31163133
20,2500,0.0299492,392.9351352,36.67204744
20,2500,0.0294026,363.8991017,34.15374432
20,2500,0.028856,364.0034569,31.74580982
20,2500,0.0283094,357.296266,29.43870159
20,2500,0.0309046,407.9338182,41.4917569
20,2500,0.0303581,399.2059318,38.74985879
20,2500,0.0298115,391.0124704,36.13875396
20,2500,0.0292649,369.3635175,33.64627328
20,2500,0.0287183,362.3590725,31.26184609
20,2500,0.0281717,334.5847878,28.97621671
20,2500,0.0313135,414.9667237,43.75829612
20,2500,0.0307669,405.7866316,40.90586629
20,2500,0.0302203,397.191561,38.19479016
20,2500,0.0296737,389.1214284,35.61151468
20,2500,0.0291271,367.6432385,33.14429222
20,2500,0.0285805,360.7368241,30.78287962
20,2500,0.0280339,333.1427892,28.51829659
20,2500,0.0317223,422.372778,46.11855711
20,2500,0.0311757,412.7056952,43.14629117
20,2500,0.0306291,403.6742302,40.32722039
20,2500,0.0300826,395.2088129,37.64621615
20,2500,0.029536,387.2556845,35.09014701
20,2500,0.0289894,365.9482577,32.64764114
20,2500,0.0284428,359.1335493,30.30876967
20,2500,0.0278962,331.7134397,28.06481702
20,2500,0.0321312,430.1899283,48.58063293
20,2500,0.0315846,419.9884206,45.4780942
20,2500,0.031038,410.482614,42.54213509
20,2500,0.0304914,401.5902892,39.75566939
20,2500,0.0299448,393.2545253,37.10403485
20,2500,0.0293982,364.1837067,34.57456413
20,2500,0.0288516,364.2785751,32.15624547
20,2500,0.028305,357.5524105,29.83945169
20,2500,0.0277584,330.3062262,27.61572168
20,2500,0.03254,438.4592844,51.15382528
20,2500,0.0319934,427.6727553,47.90920596
20,2500,0.0314468,417.6451729,44.84626251
20,2500,0.0309002,408.2943178,41.94566044
20,2500,0.0303536,399.5411333,39.19098757
20,2500,0.0298071,391.3286982,36.56804984
20,2500,0.0292605,369.6481225,34.0645943
20,2500,0.0287139,362.6278661,31.66995444
20,2500,0.0281673,334.8251209,29.3747928
20,2500,0.0276207,328.914824,27.17089311
20,3000,0.0330866,465.9046922,54.59488333
20,3000,0.0326778,456.6581923,51.86215654
20,3000,0.0322689,447.9429551,49.25448906
20,3000,0.0318601,439.7052218,46.76088337
20,3000,0.0314512,431.9102074,44.37182342
20,3000,0.0310424,424.5136399,42.07877249
20,3000,0.0306335,417.4838967,39.87428304
20,3000,0.0302247,403.889265,37.75160869
20,3000,0.0298159,397.6153062,35.70479857
20,3000,0.029407,384.8144062,33.72850671
20,3000,0.0289982,379.1887142,31.81785616
20,3000,0.0288604,377.4621106,31.33125568
20,3000,0.0292693,383.0119079,33.22360026
20,3000,0.0287227,382.4110752,30.84968271
20,3000,0.0296781,395.6926413,35.18027076
20,3000,0.0291315,381.2315456,32.72414083
20,3000,0.0285849,380.700283,30.37306864
20,3000,0.030087,401.8748942,37.20590779
20,3000,0.0295404,393.798437,34.6615682
20,3000,0.0289938,379.4764815,32.22997015
20,3000,0.0284472,379.0116267,29.90127425
20,3000,0.0304958,408.3544011,39.30575469
20,3000,0.0299492,399.8889838,36.66654805
20,3000,0.0294026,385.1148226,34.14860475
20,3000,0.028856,377.7467156,31.74101419
20,3000,0.0283094,377.3451064,29.43423542
20,3000,0.0309046,422.2526114,41.48557317
20,3000,0.0303581,406.2736224,38.74406693
20,3000,0.0298115,397.9346962,36.13333517
20,3000,0.0292649,383.3059997,33.64121051
20,3000,0.0287183,382.6925179,31.2571238
20,3000,0.0281717,355.7372631,28.9718207
20,3000,0.0313135,429.5290123,43.75179304
20,3000,0.0307669,420.0295302,40.89977087
20,3000,0.0302203,404.2213042,38.18908208
20,3000,0.0296737,396.0088691,35.60617557
20,3000,0.0291271,381.5224751,33.13930541
20,3000,0.0285805,380.9785634,30.7782299
20,3000,0.0280339,354.2035584,28.51397006
20,3000,0.0317223,437.1975356,46.11172135
20,3000,0.0311757,427.1889268,43.1398802
20,3000,0.0306291,417.8412341,40.32121217
20,3000,0.0300826,402.203771,37.64059086
20,3000,0.029536,394.1083402,35.08488669
20,3000,0.0289894,379.7642488,32.64272948
20,3000,0.0284428,379.2867448,30.30419178
20,3000,0.0278962,352.6856652,28.06055928
20,3000,0.0321312,445.2898042,48.57345004
20,3000,0.0315846,434.7309591,45.47135471
20,3000,0.031038,424.889951,42.53581504
20,3000,0.0304914,408.6990894,39.74974732
20,3000,0.0299448,400.2146984,37.09849139
20,3000,0.0293982,385.4152389,34.56938173
20,3000,0.0288516,378.0281583,32.15140818
20,3000,0.028305,377.6170622,29.83494492
20,3000,0.0277584,351.1867455,27.61153208
20,3000,0.03254,453.8500898,51.14627949
20,3000,0.0319934,442.6840874,47.90212384
20,3000,0.0314468,432.3054921,44.83961798
20,3000,0.0309002,422.6225979,41.93943017
20,3000,0.0303536,406.6119861,39.18515061
20,3000,0.0298071,398.2540862,36.56258727
20,3000,0.0292605,383.6032538,34.05948897
20,3000,0.0287139,382.9771229,31.66519073
20,3000,0.0281673,355.9934076,29.37035644
20,3000,0.0276207,349.7099619,27.16677099
40,500,0.0360224,391.189558,54.46890374
40,500,0.0355801,383.4261663,51.74245034
40,500,0.0351379,375.1568102,49.14076891
40,500,0.0346956,368.2598826,46.65288722
40,500,0.0342533,361.7297793,44.26931106
40,500,0.0338111,355.5348773,41.98152334
40,500,0.0333688,349.6467163,39.78209365
40,500,0.0329266,344.0431603,37.66429109
40,500,0.0324843,338.7020733,35.62217847
40,500,0.032042,331.9031764,33.65042212
40,500,0.0315998,327.0490802,31.74415628
40,500,0.0314516,325.5596474,31.25868292
40,500,0.0318939,330.3441735,33.146685
40,500,0.0313035,324.0891883,30.77822542
40,500,0.0323362,337.0640135,35.09886523
40,500,0.0317458,328.8104688,32.64838227
40,500,0.0311554,322.6408651,30.30271533
40,500,0.0327784,342.3292058,37.11985357
40,500,0.0321881,333.743622,34.58136375
40,500,0.0315977,327.2957378,32.15535606
40,500,0.0310073,321.2115156,29.83201377
40,500,0.0332207,347.8473803,39.2148813
40,500,0.0326303,340.6373873,36.58174253
40,500,0.0320399,332.1624831,34.06958809
40,500,0.0314495,325.8031428,31.66753249
40,500,0.0308592,320.6170074,29.36605674
40,500,0.033663,353.6438353,41.3896969
40,500,0.0330726,346.0765049,38.65449371
40,500,0.0324822,338.9740292,36.04976412
40,500,0.0318918,330.600318,33.56336874
40,500,0.0313014,324.3326837,31.18476275
40,500,0.030711,319.222443,28.90471311
40,500,0.0341052,359.7375443,43.65071539
40,500,0.0335148,351.7812538,40.80525035
40,500,0.0329245,344.3277653,38.10079352
40,500,0.0323341,337.3328071,35.52382497
40,500,0.0317437,329.063451,33.06262583
40,500,0.0311533,322.8780359,30.70697794
40,500,0.0305629,317.8436899,28.44792299
40,500,0.0345475,366.156968,46.00522705
40,500,0.0339571,357.7769322,43.04021848
40,500,0.0333667,349.9471327,40.22803065
40,500,0.0327763,342.6106485,37.55357192
40,500,0.0321859,334.006091,35.00374296
40,500,0.0315956,327.5455578,32.56719974
40,500,0.0310052,321.4455242,30.23403766
40,500,0.0304148,316.4807482,27.99556246
40,500,0.0349898,372.9368913,48.46130522
40,500,0.0343994,364.0920007,45.36634192
40,500,0.033809,355.8511051,42.43755111
40,500,0.0332186,348.1414722,39.65788837
40,500,0.0326282,340.9156677,37.01272729
40,500,0.0320378,332.4186276,34.48943149
40,500,0.0314474,326.0498004,32.07701612
40,500,0.0308571,320.851016,29.76587754
40,500,0.0302667,315.1380451,27.54757533
40,500,0.035432,381.0671072,51.02822888
40,500,0.0348416,370.7549197,47.79153187
40,500,0.0342512,362.0618184,44.73606674
40,500,0.0336609,353.9537385,41.84254625
40,500,0.0330705,346.3642721,39.09459835
40,500,0.0324801,339.2459851,36.47806367
40,500,0.0318897,330.8564625,33.98071921
40,500,0.0312993,324.5730168,31.59192454
40,500,0.0307089,319.450127,29.30236502
40,500,0.0301185,313.8111534,27.10384444
40,1000,0.0360224,430.6864059,54.47864009
40,1000,0.0355801,422.1387694,51.75168898
40,1000,0.0351379,405.3628864,49.14953253
40,1000,0.0346956,397.909398,46.66119652
40,1000,0.0342533,390.8543565,44.27718502
40,1000,0.0338111,384.1598147,41.9889794
40,1000,0.0333688,360.9992931,39.78914788
40,1000,0.0329266,355.2154873,37.67095835
40,1000,0.0324843,349.6973128,35.62847253
40,1000,0.032042,352.5370381,33.6563558
40,1000,0.0315998,347.3825255,31.74974149
40,1000,0.0314516,345.8013867,31.26418272
40,1000,0.0318939,350.8831669,33.15252998
40,1000,0.0313035,344.2392215,30.78364068
40,1000,0.0323362,348.0086565,35.10506709
40,1000,0.0317458,349.2514316,32.65413952
40,1000,0.0311554,342.6991923,30.30804693
40,1000,0.0327784,353.4446118,37.12642483
40,1000,0.0321881,354.4913257,34.58747443
40,1000,0.0315977,347.6449946,32.1610265
40,1000,0.0310073,341.181299,29.83726254
40,1000,0.0332207,359.1430361,39.22183544
40,1000,0.0326303,351.6990345,36.58821892
40,1000,0.0320399,352.8121563,34.0756086
40,1000,0.0314495,346.0606935,31.67311705
40,1000,0.0308592,331.8715536,29.37122354
40,1000,0.033663,382.1169833,41.39704845
40,1000,0.0330726,357.3120774,38.66134898
40,1000,0.0324822,349.9787555,36.05614671
40,1000,0.0318918,351.1551228,33.56930006
40,1000,0.0313014,344.495366,31.19026231
40,1000,0.030711,330.4263927,28.90979874
40,1000,0.0341052,388.7008454,43.65848004
40,1000,0.0335148,380.1026125,40.81249871
40,1000,0.0329245,355.5095791,38.10755109
40,1000,0.0323341,348.2837747,35.53011484
40,1000,0.0317437,349.5202252,33.06846892
40,1000,0.0311533,342.9521745,30.71239338
40,1000,0.0305629,328.9970432,28.45292825
40,1000,0.0345475,395.6388826,46.01342182
40,1000,0.0339571,386.5852817,43.04787526
40,1000,0.0333667,378.1230267,40.23517709
40,1000,0.0327763,353.7323791,37.56023295
40,1000,0.0321859,354.7727684,35.00994113
40,1000,0.0315956,347.9074636,32.57295556
40,1000,0.0310052,341.4279567,30.23936983
40,1000,0.0304148,327.5898296,28.00048812
40,1000,0.0349898,402.9627177,48.46994859
40,1000,0.0343994,393.4063146,45.37442371
40,1000,0.033809,384.5013407,42.4451014
40,1000,0.0332186,359.4466148,39.66493415
40,1000,0.0326282,351.9836395,37.01929289
40,1000,0.0320378,353.0872744,34.49553898
40,1000,0.0314474,346.3200002,32.08268557
40,1000,0.0308571,332.1118867,29.77112728
40,1000,0.0302667,326.1984275,27.55242218
40,1000,0.035432,419.5425395,51.03734102
40,1000,0.0348416,400.6036585,47.80005671
40,1000,0.0342512,391.2116939,44.74403708
40,1000,0.0336609,382.4521848,41.84999141
40,1000,0.0330705,357.6124938,39.10154467
40,1000,0.0324801,350.2601982,36.48453494
40,1000,0.0318897,351.4270787,33.98673701
40,1000,0.0312993,344.7515105,31.59750852
40,1000,0.0307089,330.6635635,29.30753316
40,1000,0.0301185,324.825999,27.10861322
40,1500,0.0360224,439.5660816,54.47544833
40,1500,0.0355801,430.8445198,51.74864667
40,1500,0.0351379,422.6194356,49.14663276
40,1500,0.0346956,414.8497194,46.65843297
40,1500,0.0342533,407.4942616,44.27455192
40,1500,0.0338111,400.5151148,41.98647144
40,1500,0.0333688,377.8004743,39.78676016
40,1500,0.0329266,371.7447126,37.66868636
40,1500,0.0324843,365.9703936,35.62631208
40,1500,0.032042,352.5370381,33.654303
40,1500,0.0315998,347.3825255,31.74779272
40,1500,0.0314516,345.8013867,31.26226374
40,1500,0.0318939,350.8831669,33.15050804
40,1500,0.0313035,344.2392215,30.7817512
40,1500,0.0323362,364.2026804,35.10293864
40,1500,0.0317458,349.2514316,32.65214812
40,1500,0.0311554,342.6991923,30.30618664
40,1500,0.0327784,369.8916179,37.12418607
40,1500,0.0321881,354.4913257,34.58537763
40,1500,0.0315977,347.6449946,32.1590653
40,1500,0.0310073,341.181299,29.83543115
40,1500,0.0332207,375.8556736,39.21948227
40,1500,0.0326303,368.0638214,36.58601299
40,1500,0.0320399,352.8121563,34.07354309
40,1500,0.0314495,346.0606935,31.67118574
40,1500,0.0308592,331.8715536,29.36942075
40,1500,0.033663,398.3837396,41.39457645
40,1500,0.0330726,373.9393333,38.65902993
40,1500,0.0324822,366.2644854,36.05397325
40,1500,0.0318918,351.1551228,33.56726551
40,1500,0.0313014,344.495366,31.18836058
40,1500,0.030711,330.4263927,28.90802427
40,1500,0.0341052,405.2490444,43.65588445
40,1500,0.0335148,396.2871495,40.81006223
40,1500,0.0329245,372.0514536,38.10526577
40,1500,0.0323341,364.4936099,35.52797347
40,1500,0.0317437,349.5202252,33.06646499
40,1500,0.0311533,342.9521745,30.71052092
40,1500,0.0305629,328.9970432,28.45118183
40,1500,0.0345475,412.4811734,46.01069746
40,1500,0.0339571,403.0417746,43.04531669
40,1500,0.0333667,394.2221822,40.23277569
40,1500,0.0327763,370.1951966,37.55798095
40,1500,0.0321859,354.7727684,35.0078315
40,1500,0.0315956,347.9074636,32.57098192
40,1500,0.0310052,341.4279567,30.23752635
40,1500,0.0304148,327.5898296,27.99876947
40,1500,0.0349898,420.118074,48.46708983
40,1500,0.0343994,410.1568994,45.37173801
40,1500,0.033809,400.8692899,42.44257938
40,1500,0.0332186,376.1719013,39.66256739
40,1500,0.0326282,368.3642378,37.01707383
40,1500,0.0320378,353.0872744,34.49346073
40,1500,0.0314474,346.3200002,32.08074191
40,1500,0.0308571,332.1118867,29.76931249
40,1500,0.0302667,326.1984275,27.55073103
40,1500,0.035432,428.1945311,51.03434174
40,1500,0.0348416,417.6609842,47.79723839
40,1500,0.0342512,407.8674103,44.74138952
40,1500,0.0336609,398.7315902,41.84750547
40,1500,0.0330705,374.2523988,39.09921215
40,1500,0.0324801,366.5617395,36.48234844
40,1500,0.0318897,351.4270787,33.98468982
40,1500,0.0312993,344.7515105,31.59559452
40,1500,0.0307089,330.6635635,29.30574676
40,1500,0.0301185,324.825999,27.10694931
40,2000,0.0360224,448.271832,54.46958991
40,2000,0.0355801,447.7468939,51.74306985
40,2000,0.0351379,439.1992574,49.14132456
40,2000,0.0346956,431.1259625,46.65338157
40,2000,0.0342533,423.4795751,44.26974647
40,2000,0.0338111,416.2284725,41.98190198
40,2000,0.0333688,401.6851575,39.78241751
40,2000,0.0329266,395.2467602,37.66456204
40,2000,0.0324843,389.1087793,35.62239823
40,2000,0.032042,375.8050771,33.6505923
40,2000,0.0315998,370.3122008,31.74427838
40,2000,0.0314516,368.6235446,31.25880315
40,2000,0.0318939,374.0436885,33.14685305
40,2000,0.0313035,366.9601865,30.7783438
40,2000,0.0323362,387.227224,35.09908258
40,2000,0.0317458,372.3044358,32.64854822
40,2000,0.0311554,365.3189644,30.30283188
40,2000,0.0327784,393.2766612,37.1201218
40,2000,0.0321881,377.8890181,34.58157872
40,2000,0.0315977,370.5904813,32.15551992
40,2000,0.0310073,363.6998783,29.8321285
40,2000,0.0332207,399.6170279,39.2152021
40,2000,0.0326303,391.3350227,36.58200807
40,2000,0.0320399,376.099169,34.06980069
40,2000,0.0314495,368.901825,31.66769429
40,2000,0.0308592,354.7854175,29.36616968
40,2000,0.033663,414.0117158,41.3900721
40,2000,0.0330726,397.5805211,38.65481149
40,2000,0.0324822,389.4218447,36.050027
40,2000,0.0318918,374.3314557,33.56357902
40,2000,0.0313014,367.2321424,31.18492252
40,2000,0.030711,353.2390638,28.90482429
40,2000,0.0341052,421.1458142,43.65114696
40,2000,0.0335148,411.8329065,40.80562216
40,2000,0.0329245,395.5724748,38.10110831
40,2000,0.0323341,387.533965,35.52408523
40,2000,0.0317437,372.5890408,33.0628338
40,2000,0.0311533,365.587758,30.70713569
40,2000,0.0305629,351.7148459,28.44803241
40,2000,0.0345475,428.6657105,46.00571711
40,2000,0.0339571,418.8531629,43.04064626
40,2000,0.0333667,409.68572,40.22839912
40,2000,0.0327763,393.5992135,37.55388377
40,2000,0.0321859,378.1862722,35.00400063
40,2000,0.0315956,370.871924,32.56740544
40,2000,0.0310052,363.9655096,30.23419342
40,2000,0.0304148,350.2064395,27.99567013
40,2000,0.0349898,436.5998652,48.46185608
40,2000,0.0343994,426.2465681,45.36682775
40,2000,0.033809,416.5952967,42.43797516
40,2000,0.0332186,399.9553916,39.65825355
40,2000,0.0326282,391.6512505,37.01303623
40,2000,0.0320378,376.3900985,34.48968659
40,2000,0.0314474,369.1769432,32.07721956
40,2000,0.0308571,355.041562,29.76603132
40,2000,0.0302667,348.720169,27.54768129
40,2000,0.035432,444.9925501,51.02884306
40,2000,0.0348416,434.0447448,47.79207802
40,2000,0.0342512,423.8685353,44.73654842
40,2000,0.0336609,414.3753778,41.84296662
40,2000,0.0330705,397.9125603,39.09496028
40,2000,0.0324801,389.7349102,36.47836974
40,2000,0.0318897,374.6223853,33.98097178
40,2000,0.0312993,367.5072606,31.59212575
40,2000,0.0307089,353.492046,29.30251684
40,2000,0.0301185,347.2528721,27.10394869
40,2500,0.0360224,473.4277508,54.4629141
40,2500,0.0355801,464.0326239,51.73671524
40,2500,0.0351379,447.2599031,49.13527636
40,2500,0.0346956,439.0348189,46.64762628
40,2500,0.0342533,438.8830296,44.26427173
40,2500,0.0338111,431.3694579,41.97669643
40,2500,0.0333688,416.8482789,39.77747069
40,2500,0.0329266,410.1663862,37.65986426
40,2500,0.0324843,403.797559,35.61794053
40,2500,0.032042,397.716499,33.64636635
40,2500,0.0315998,391.9010704,31.74027642
40,2500,0.0314516,390.1143835,31.25486239
40,2500,0.0318939,395.8507552,33.14269052
40,2500,0.0313035,388.3529949,30.77446361
40,2500,0.0323362,401.8464337,35.0946907
40,2500,0.0317458,394.0103096,32.64444844
40,2500,0.0311554,386.6169045,30.29901164
40,2500,0.0327784,408.1203925,37.11549241
40,2500,0.0321881,399.9206066,34.57725192
40,2500,0.0315977,392.1951622,32.15148223
40,2500,0.0310073,384.90295,29.82836761
40,2500,0.0332207,414.7010924,39.21032643
40,2500,0.0326303,406.1060217,36.57744627
40,2500,0.0320399,398.0264023,34.06553826
40,2500,0.0314495,390.4084754,31.66371803
40,2500,0.0308592,369.2718115,29.36246753
40,2500,0.033663,429.0736443,41.3849407
40,2500,0.0330726,412.5886909,38.65000612
40,2500,0.0324822,404.1201113,36.04553202
40,2500,0.0318918,396.1543339,33.55938025
40,2500,0.0313014,388.6439244,31.18100704
40,2500,0.030711,367.6622122,28.90118029
40,2500,0.0341052,436.4670495,43.64574962
40,2500,0.0335148,426.8126158,40.80056399
40,2500,0.0329245,410.5047499,38.09637241
40,2500,0.0323341,402.1658237,35.51965632
40,2500,0.0317437,394.310726,33.058698
40,2500,0.0311533,386.9015094,30.70328037
40,2500,0.0305629,366.0747488,28.444446
40,2500,0.0345475,436.530295,46.00004275
40,2500,0.0339571,434.0890167,43.03532531
40,2500,0.0333667,424.5895346,40.22341327
40,2500,0.0327763,408.455594,37.54921652
40,2500,0.0321859,400.2368343,34.99963704
40,2500,0.0315956,392.4924163,32.56333195
40,2500,0.0310052,385.1843927,30.23039765
40,2500,0.0304148,364.5094213,27.99214075
40,2500,0.0349898,444.6099145,48.45589267
40,2500,0.0343994,434.0668807,45.36123323
40,2500,0.033809,431.7489312,42.43272962
40,2500,0.0332186,415.0521052,39.65333913
40,2500,0.0326282,406.4348986,37.00843683
40,2500,0.0320378,398.3363055,34.48538761
40,2500,0.0314474,390.6994049,32.07320773
40,2500,0.0308571,369.5374428,29.76229451
40,2500,0.0302667,362.9599053,27.54420838
40,2500,0.035432,461.1770871,51.02257745
40,2500,0.0348416,442.0105222,47.78619819
40,2500,0.0342512,439.2878012,44.73103266
40,2500,0.0336609,429.4467931,41.83779554
40,2500,0.0330705,412.9333791,39.09011644
40,2500,0.0324801,404.4458259,36.47383742
40,2500,0.0318897,396.4610748,33.9767367
40,2500,0.0312993,388.9316917,31.58817493
40,2500,0.0307089,367.9278435,29.2988384
40,2500,0.0301185,361.4325252,27.10053173
40,3000,0.0360224,489.4794722,54.45599328
40,3000,0.0355801,479.7681175,51.73012699
40,3000,0.0351379,478.1395445,49.12900535
40,3000,0.0346956,469.3484126,46.64165853
40,3000,0.0342533,446.3871145,44.25859444
40,3000,0.0338111,438.7407271,41.97129784
40,3000,0.0333688,431.4769753,39.77233996
40,3000,0.0329266,424.5610741,37.65499137
40,3000,0.0324843,417.9677252,35.6133162
40,3000,0.032042,404.7557291,33.64198193
40,3000,0.0315998,398.8359453,31.73612389
40,3000,0.0314516,397.020798,31.25077337
40,3000,0.0318939,402.8552002,33.13837192
40,3000,0.0313035,401.9855739,30.77043744
40,3000,0.0323362,415.950192,35.09013464
40,3000,0.0317458,400.9831319,32.64019494
40,3000,0.0311554,400.1862379,30.29504767
40,3000,0.0327784,422.4455103,37.11069046
40,3000,0.0321881,407.0009463,34.57276339
40,3000,0.0315977,399.139524,32.14729314
40,3000,0.0310073,398.4122001,29.82446521
40,3000,0.0332207,429.2570564,39.20526952
40,3000,0.0326303,420.3584071,36.57271445
40,3000,0.0320399,405.0687946,34.06111651
40,3000,0.0314495,397.3180521,31.65959267
40,3000,0.0308592,389.994217,29.35862608
40,3000,0.033663,436.4069662,41.37961903
40,3000,0.0330726,427.0687603,38.64502214
40,3000,0.0324822,418.3060889,36.04086953
40,3000,0.0318918,403.1682657,33.55502455
40,3000,0.0313014,402.282828,31.17694476
40,3000,0.030711,388.2960739,28.8973992
40,3000,0.0341052,443.9268625,43.64015262
40,3000,0.0335148,434.1079904,40.79531829
40,3000,0.0329245,424.9152492,38.0914605
40,3000,0.0323341,416.2790689,35.51506237
40,3000,0.0317437,401.2898728,33.05440765
40,3000,0.0311533,400.4803297,30.69928052
40,3000,0.0305629,386.6200667,28.44072466
40,3000,0.0345475,466.6699634,45.99415896
40,3000,0.0339571,441.5108824,43.02980757
40,3000,0.0333667,431.8469618,40.2182426
40,3000,0.0327763,422.7933609,37.54437583
40,3000,0.0321859,407.3203363,34.99511087
40,3000,0.0315956,399.4399404,32.55910625
40,3000,0.0310052,398.7031297,30.22645959
40,3000,0.0304148,384.9630332,27.98847858
40,3000,0.0349898,475.309306,48.44970961
40,3000,0.0343994,464.0389484,45.35543225
40,3000,0.033809,439.1296873,42.4272901
40,3000,0.0332186,429.6207184,39.64824257
40,3000,0.0326282,420.6999331,37.00366654
40,3000,0.0320378,405.3850224,34.48092846
40,3000,0.0314474,397.6153062,32.06904599
40,3000,0.0308571,390.2756597,29.75841761
40,3000,0.0302667,383.3281357,27.54060482
40,3000,0.035432,476.8145502,51.01608152
40,3000,0.0348416,472.5265016,47.78010183
40,3000,0.0342512,446.7950483,44.72531338
40,3000,0.0336609,436.7896018,41.83243326
40,3000,0.0330705,427.4260977,39.0850931
40,3000,0.0324801,418.6412903,36.46913672
40,3000,0.0318897,403.4781689,33.97234386
40,3000,0.0312993,402.5832444,31.58407649
40,3000,0.0307089,388.5743543,29.29502206
40,3000,0.0301185,381.7153741,27.09698621
60,500,0.0390924,403.4750067,54.25321887
60,500,0.038613,395.4681196,51.53746548
60,500,0.0381335,387.9197629,48.94599366
60,500,0.0376541,380.7888267,46.46787432
60,500,0.0371747,374.0373639,44.09365058
60,500,0.0366953,367.6305894,41.81483885
60,500,0.0362158,360.6293066,39.62403792
60,500,0.0357364,354.8518254,37.51454335
60,500,0.035257,349.3399754,35.4804413
60,500,0.0347775,344.0779454,33.51641907
60,500,0.0342981,339.0467616,31.61763002
60,500,0.0341387,337.5035701,31.13409167
60,500,0.0346181,342.4651838,33.01468918
60,500,0.0339793,335.9793523,30.65554918
60,500,0.0350975,347.6513191,34.9592127
60,500,0.0344587,340.8745581,32.51837204
60,500,0.0338198,334.4772704,30.18193438
60,500,0.035577,353.0809499,36.97227399
60,500,0.0349381,345.9879611,34.44377271
60,500,0.0342993,339.3029061,32.02731038
60,500,0.0336604,331.2991813,29.71310895
60,500,0.0360564,358.7730497,39.05908375
60,500,0.0354175,351.3385349,36.43630591
60,500,0.0347787,344.346739,33.93403574
60,500,0.0341398,337.7565523,31.54143064
60,500,0.033501,329.8445336,29.24900914
60,500,0.0365358,365.6763018,41.22536788
60,500,0.035897,356.9452532,38.50092718
60,500,0.0352581,349.6214181,35.90644605
60,500,0.0346192,342.7276528,33.42983294
60,500,0.0339804,336.2291722,31.06058459
60,500,0.0333415,328.4056973,28.78950434
60,500,0.0370153,371.9755589,43.47751618
60,500,0.0363764,363.7504747,40.64324744
60,500,0.0357375,355.1459172,37.9494314
60,500,0.0350987,347.9264373,35.38260142
60,500,0.0344598,341.1338649,32.93108477
60,500,0.033821,334.7239281,30.58470361
60,500,0.0331821,326.9889969,28.3345349
60,500,0.0374947,378.616342,45.82279026
60,500,0.0368558,369.9517012,42.86944832
60,500,0.036217,360.9392099,40.0683251
60,500,0.0355781,353.3718794,37.40438843
60,500,0.0349392,346.259917,34.86459059
60,500,0.0343004,339.5622129,32.43763226
60,500,0.0336615,331.5426767,30.11364786
60,500,0.0330227,325.5881079,27.88397739
60,500,0.0379741,385.6239493,48.26923172
60,500,0.0373353,375.5267967,45.18644634
60,500,0.0366964,367.956304,42.26917886
60,500,0.0360575,359.0766283,39.50045202
60,500,0.0354187,351.6231399,36.86569704
60,500,0.0347798,344.6155326,34.35232732
60,500,0.034141,338.0095345,31.94940132
60,500,0.0335021,330.0817044,29.64735322
60,500,0.0328632,324.2061926,27.43777586
60,500,0.0384535,393.0363281,50.82608308
60,500,0.0378147,383.3692453,47.60212162
60,500,0.0371758,374.3788899,44.55867816
60,500,0.036537,365.9956918,41.67654145
60,500,0.0358981,357.2456695,38.93940394
60,500,0.0352592,349.9028608,36.33316206
60,500,0.0346204,342.9932841,33.84564097
60,500,0.0339815,336.4789922,31.46624215
60,500,0.0333427,328.6428681,29.18568766
60,500,0.0327038,322.8400886,26.9958136
60,1000,0.0390924,444.2114675,54.30076644
60,1000,0.038613,435.3981996,51.58261982
60,1000,0.0381335,427.0877339,48.98886418
60,1000,0.0376541,419.2357985,46.50856082
60,1000,0.0371747,403.1303184,44.13224455
60,1000,0.0366953,396.2270663,41.85142429
60,1000,0.0362158,389.6653401,39.65869232
60,1000,0.0357364,383.4198417,37.54733832
60,1000,0.035257,377.4684352,35.51144322
60,1000,0.0347775,355.2502723,33.54568965
60,1000,0.0342981,350.0546501,31.64522671
60,1000,0.0341387,348.4608622,31.16126631
60,1000,0.0346181,353.583752,33.04352176
60,1000,0.0339793,346.8892102,30.68230614
60,1000,0.0350975,358.9374881,34.98975952
60,1000,0.0344587,351.9425299,32.54677134
60,1000,0.0338198,345.3365319,30.20827796
60,1000,0.035577,381.509826,37.00459539
60,1000,0.0349381,357.2203713,34.47386948
60,1000,0.0342993,350.3202815,32.055281
60,1000,0.0336604,351.898258,29.73904332
60,1000,0.0360564,387.6604561,39.09324469
60,1000,0.0354175,379.6251085,36.46815926
60,1000,0.0347787,355.5253905,33.96368743
60,1000,0.0341398,348.7233313,31.5689771
60,1000,0.033501,350.348742,29.27453843
60,1000,0.0365358,394.1178271,41.26143834
60,1000,0.035897,385.6840325,38.5346006
60,1000,0.0352581,377.7688516,35.93783668
60,1000,0.0346192,353.8557079,33.4590444
60,1000,0.0339804,347.1453547,31.08771128
60,1000,0.0333415,348.8245241,28.81463257
60,1000,0.0370153,400.9103995,43.51557177
60,1000,0.0363764,392.0433729,40.67880935
60,1000,0.0357375,383.7392318,37.98262311
60,1000,0.0350987,375.9410551,35.41353457
60,1000,0.0344598,352.2113235,32.95986076
60,1000,0.033821,345.5926764,30.61141486
60,1000,0.0331821,347.3161177,28.35926602
60,1000,0.0374947,416.8419543,45.86291298
60,1000,0.0368558,398.7252656,42.90697259
60,1000,0.036217,390.0005416,40.10338474
60,1000,0.0355781,381.8228915,37.43710407
60,1000,0.0349392,357.501814,34.89507137
60,1000,0.0343004,350.5859128,32.46597739
60,1000,0.0336615,352.1544025,30.13994789
60,1000,0.0330227,345.8298472,27.90831525
60,1000,0.0379741,424.5579118,48.31151066
60,1000,0.0373353,405.7644957,45.22601293
60,1000,0.0366964,396.5780791,42.30617863
60,1000,0.0360575,387.989333,39.53501557
60,1000,0.0354187,379.9350118,36.89794216
60,1000,0.0347798,355.8036709,34.38236075
60,1000,0.034141,348.9858003,31.97732017
60,1000,0.0335021,350.6048865,29.67324619
60,1000,0.0328632,344.3625504,27.46172426
60,1000,0.0384535,432.7197505,50.87061545
60,1000,0.0378147,422.0755239,47.64381742
60,1000,0.0371758,403.5003049,44.59769611
60,1000,0.036537,394.4625153,41.71302338
60,1000,0.0358981,386.0065849,38.97347735
60,1000,0.0352592,378.0755925,36.36494204
60,1000,0.0346204,354.1308261,33.87523191
60,1000,0.0339815,347.4046615,31.49373913
60,1000,0.0333427,349.0743441,29.21117761
60,1000,0.0327038,342.9110649,27.01937624
60,1500,0.0390924,453.3725859,54.30993485
60,1500,0.038613,444.3759059,51.59131909
60,1500,0.0381335,435.8946772,48.99711571
60,1500,0.0376541,427.8814656,46.51638412
60,1500,0.0371747,420.2919993,44.13965751
60,1500,0.0366953,413.0946553,41.85844333
60,1500,0.0362158,406.2546487,39.6653326
60,1500,0.0357364,399.743519,37.55361384
60,1500,0.035257,393.535968,35.51736696
60,1500,0.0347775,371.78266,33.55127369
60,1500,0.0342981,366.3467047,31.65048227
60,1500,0.0341387,364.677022,31.16644149
60,1500,0.0346181,370.0370827,33.04902233
60,1500,0.0339793,363.0326377,30.68740178
60,1500,0.0350975,375.643801,34.99559649
60,1500,0.0344587,368.3199659,32.55218936
60,1500,0.0338198,361.4072269,30.21329488
60,1500,0.035577,397.7512841,37.01078058
60,1500,0.0349381,373.844465,34.47962065
60,1500,0.0342993,366.6249851,32.06061733
60,1500,0.0336604,351.898258,29.74398231
60,1500,0.0360564,404.1643832,39.09979078
60,1500,0.0354175,395.7875097,36.47425516
60,1500,0.0347787,372.0704272,33.96935375
60,1500,0.0341398,364.9521402,31.5742326
60,1500,0.033501,350.348742,29.27940027
60,1500,0.0365358,410.8968723,41.26835903
60,1500,0.035897,402.1025782,38.54105364
60,1500,0.0352581,393.8521957,35.9438443
60,1500,0.0346192,370.3248499,33.46462679
60,1500,0.0339804,363.3014313,31.0928868
60,1500,0.0333415,348.8245241,28.81941803
60,1500,0.0370153,417.977212,43.52288185
60,1500,0.0363764,408.7338744,40.68563292
60,1500,0.0357375,400.0755582,37.98898421
60,1500,0.0350987,391.9453423,35.41945494
60,1500,0.0344598,368.6014086,32.96536012
60,1500,0.033821,361.6728583,30.61651123
60,1500,0.0331821,347.3161177,28.36397585
60,1500,0.0374947,425.437025,45.87062849
60,1500,0.0368558,415.7003721,42.91418115
60,1500,0.036217,406.6024993,40.1101124
60,1500,0.0355781,398.0769987,37.44337431
60,1500,0.0349392,374.1385568,34.90090545
60,1500,0.0343004,366.9001032,32.47139462
60,1500,0.0336615,352.1544025,30.1449659
60,1500,0.0330227,345.8298472,27.91295019
60,1500,0.0379741,433.3142587,48.31964901
60,1500,0.0373353,423.0368563,45.23362211
60,1500,0.0366964,413.4614795,42.31328696
60,1500,0.0360575,404.5059092,39.54164848
60,1500,0.0354187,396.110062,36.90412259
60,1500,0.0347798,372.3613568,34.38810949
60,1500,0.034141,365.2240961,31.98265613
60,1500,0.0335021,350.6048865,29.67818664
60,1500,0.0328632,344.3625504,27.46628504
60,1500,0.0384535,441.643698,50.87919566
60,1500,0.0378147,430.778112,47.65184421
60,1500,0.0371758,420.6777971,44.60520039
60,1500,0.036537,411.257372,41.72003276
60,1500,0.0358981,402.4409419,38.98001666
60,1500,0.0352592,394.1684235,36.3710337
60,1500,0.0346204,370.6094549,33.88089625
60,1500,0.0339815,363.5702249,31.49899466
60,1500,0.0333427,349.0743441,29.21604126
60,1500,0.0327038,342.9110649,27.02386356
60,2000,0.0390924,462.3502921,54.31015543
60,2000,0.038613,461.8095427,51.59151815
60,2000,0.0381335,452.9931125,48.99729415
60,2000,0.0376541,444.6668355,46.51654278
60,2000,0.0371747,436.780115,44.13979713
60,2000,0.0366953,429.3013283,41.85856463
60,2000,0.0362158,422.1925281,39.66543622
60,2000,0.0357364,415.4252539,37.55370037
60,2000,0.035257,408.9742075,35.51743697
60,2000,0.0347775,395.2847075,33.55132769
60,2000,0.0342981,389.5072262,31.65052075
60,2000,0.0341387,387.7331885,31.16647939
60,2000,0.0346181,393.4316128,33.04907566
60,2000,0.0339793,385.9812866,30.68743909
60,2000,0.0350975,399.3893439,34.99566574
60,2000,0.0344587,391.6038163,32.55224202
60,2000,0.0338198,384.254683,30.21333161
60,2000,0.035577,413.3539621,37.01086625
60,2000,0.0349381,397.4793282,34.47968914
60,2000,0.0342993,389.8013181,32.06066934
60,2000,0.0336604,375.1220252,29.74401847
60,2000,0.0360564,420.0200434,39.09989343
60,2000,0.0354175,411.314293,36.47433998
60,2000,0.0347787,395.5946107,33.9694215
60,2000,0.0341398,388.024118,31.57428396
60,2000,0.033501,373.4744785,29.27943587
60,2000,0.0365358,427.0150016,41.26847924
60,2000,0.035897,417.8791814,38.54115533
60,2000,0.0352581,409.3030844,35.94392828
60,2000,0.0346192,393.7351915,33.4646938
60,2000,0.0339804,386.2690539,31.09293752
60,2000,0.0333415,371.8490678,28.81945307
60,2000,0.0370153,434.376784,43.52302025
60,2000,0.0363764,424.7666221,40.68575205
60,2000,0.0357375,415.7699422,37.98908495
60,2000,0.0350987,407.3234986,35.41953808
60,2000,0.0344598,391.9042327,32.9654264
60,2000,0.033821,384.539288,30.61656131
60,2000,0.0331821,370.2426307,28.36401034
60,2000,0.0374947,442.1275265,45.87078578
60,2000,0.0368558,432.008238,42.91431834
60,2000,0.036217,422.5530278,40.11023047
60,2000,0.0355781,413.6954881,37.44347411
60,2000,0.0349392,397.7923937,34.90098777
60,2000,0.0343004,390.0954099,32.47146018
60,2000,0.0336615,375.3971433,30.14501535
60,2000,0.0330227,368.6551673,27.91298412
60,2000,0.0379741,450.3115011,48.31982593
60,2000,0.0373353,439.6324894,45.23377805
60,2000,0.0366964,429.6808016,42.31342297
60,2000,0.0360575,420.3742185,39.5417655
60,2000,0.0354187,411.6494944,36.90422147
60,2000,0.0347798,395.9013517,34.388191
60,2000,0.034141,388.3150476,31.98272097
60,2000,0.0335021,373.7432721,29.67823546
60,2000,0.0328632,367.0930022,27.46631843
60,2000,0.0384535,458.966655,50.87939301
60,2000,0.0378147,447.6773238,47.65201962
60,2000,0.0371758,437.1817242,44.605355
60,2000,0.036537,427.3913126,41.7201676
60,2000,0.0358981,418.2301942,38.98013264
60,2000,0.0352592,409.6319613,36.37113166
60,2000,0.0346204,394.0387701,33.88097695
60,2000,0.0339815,386.5568212,31.4990588
60,2000,0.0333427,372.1146991,29.21608946
60,2000,0.0327038,365.5466484,27.02389641
60,2500,0.0390924,488.2967803,54.30714401
60,2500,0.038613,478.6075616,51.58864628
60,2500,0.0381335,469.4717414,48.99455536
60,2500,0.0376541,460.8418857,46.51393117
60,2500,0.0371747,452.6705602,44.1373073
60,2500,0.0366953,444.9166554,41.85619161
60,2500,0.0362158,437.5517107,39.66317543
60,2500,0.0357364,430.5377789,37.5515476
60,2500,0.035257,423.8527239,35.51538828
60,2500,0.0347775,410.2074958,33.54937945
60,2500,0.0342981,404.2086551,31.64866957
60,2500,0.0341387,402.3682095,31.16465652
60,2500,0.0346181,408.284831,33.04715673
60,2500,0.0339793,400.5530621,30.68564424
60,2500,0.0350975,414.4670838,34.99364743
60,2500,0.0344587,406.3874644,32.55035209
60,2500,0.0338198,398.7600507,30.21156449
60,2500,0.035577,428.3905923,37.008745
60,2500,0.0349381,412.4843357,34.47770088
60,2500,0.0342993,404.515396,32.05880809
60,2500,0.0336604,396.9923375,29.7422788
60,2500,0.0360564,435.2970068,39.09766541
60,2500,0.0354175,426.2750286,36.4722499
60,2500,0.0347787,410.5268858,33.96746294
60,2500,0.0341398,402.6717881,31.5724511
60,2500,0.033501,395.2499225,29.27772337
60,2500,0.0365358,442.5481094,41.26614033
60,2500,0.035897,433.0802501,38.53895969
60,2500,0.0352581,424.1910876,35.94186901
60,2500,0.0346192,408.5978965,33.46276463
60,2500,0.0339804,400.8503162,31.09113274
60,2500,0.0333415,393.5264811,28.81776747
60,2500,0.0370153,450.1755231,43.52056599
60,2500,0.0363764,440.2175108,40.68344683
60,2500,0.0357375,430.8951163,37.98692131
60,2500,0.0350987,422.1387694,35.41750927
60,2500,0.0344598,406.6973676,32.9635263
60,2500,0.033821,399.0541425,30.61478433
60,2500,0.0331821,391.828338,28.36235138
60,2500,0.0374947,458.2108707,45.86821131
60,2500,0.0368558,447.724758,42.91189918
60,2500,0.036217,437.9248595,40.10795852
60,2500,0.0355781,428.7416052,37.44134209
60,2500,0.0349392,412.806888,34.89898908
60,2500,0.0343004,404.8221369,32.46958884
60,2500,0.0336615,397.283267,30.14326589
60,2500,0.0330227,390.1491686,27.91135155
60,2500,0.0379741,466.6920994,48.31712601
60,2500,0.0373353,447.702622,45.23124023
60,2500,0.0366964,445.3119401,42.31103846
60,2500,0.0360575,435.6669932,39.53952642
60,2500,0.0354187,426.6228791,36.9021207
60,2500,0.0347798,410.8462759,34.3862221
60,2500,0.034141,402.9722045,31.98087809
60,2500,0.0335021,395.5345275,29.67651324
60,2500,0.0328632,388.4921351,27.46471198
60,2500,0.0384535,475.6634811,50.8765619
60,2500,0.0378147,463.9630537,47.64935802
60,2500,0.0371758,453.0848186,44.60285334
60,2500,0.036537,442.9370696,41.71781731
60,2500,0.0358981,433.443912,38.97792604
60,2500,0.0352592,424.5326136,36.36906179
60,2500,0.0346204,408.9141242,33.87903752
60,2500,0.0339815,401.1475703,31.49724408
60,2500,0.0333427,393.8079239,29.21439422
60,2500,0.0327038,386.8572376,27.02231583
60,3000,0.0390924,512.9340856,54.30275192
60,3000,0.038613,502.7547138,51.58446228
60,3000,0.0381335,493.1572011,48.99056984
60,3000,0.0376541,484.0909511,46.51013535
60,3000,0.0371747,475.5053672,44.13369316
60,3000,0.0366953,467.3625022,41.85275178
60,3000,0.0362158,445.0304974,39.65990311
60,3000,0.0357364,437.896399,37.54843649
60,3000,0.035257,431.097502,35.51243258
60,3000,0.0347775,424.605346,33.54657374
60,3000,0.0342981,418.3977949,31.64600881
60,3000,0.0341387,416.4909415,31.16203645
60,3000,0.0346181,422.6131111,33.04439317
60,3000,0.0339793,415.3019251,30.68306444
60,3000,0.0350975,429.013561,34.99073545
60,3000,0.0344587,420.6493366,32.54763023
60,3000,0.0338198,413.4456681,30.20902455
60,3000,0.035577,435.7144274,37.0056793
60,3000,0.0349381,426.9612428,34.47483212
60,3000,0.0342993,418.7140227,32.05612748
60,3000,0.0336604,410.9253328,29.73977831
60,3000,0.0360564,442.7378461,39.09444031
60,3000,0.0354175,433.5640786,36.46922908
60,3000,0.0347787,424.9342229,33.96463694
60,3000,0.0341398,416.804007,31.56981131
60,3000,0.033501,409.1196723,29.27526194
60,3000,0.0365358,464.876952,41.26274968
60,3000,0.035897,440.4831421,38.53578124
60,3000,0.0352581,431.4453526,35.93889256
60,3000,0.0346192,422.9388257,33.45998092
60,3000,0.0339804,415.6118283,31.08853336
60,3000,0.0333415,407.33931,28.81534471
60,3000,0.0370153,472.8870013,43.51700317
60,3000,0.0363764,462.4293491,40.68010476
60,3000,0.0357375,438.2600609,37.98378896
60,3000,0.0350987,429.355087,35.41457669
60,3000,0.0344598,420.971889,32.96078443
60,3000,0.033821,413.7492468,30.61222493
60,3000,0.0331821,405.5810836,28.35996691
60,3000,0.0374947,481.3271204,45.86446913
60,3000,0.0368558,470.3129073,42.90838702
60,3000,0.036217,445.4099707,40.10466442
60,3000,0.0355781,436.0717648,37.4382553
60,3000,0.0349392,427.2964443,34.89609987
60,3000,0.0343004,419.0302505,32.46688836
60,3000,0.0336615,411.2257492,30.14074607
60,3000,0.0330227,403.8418309,27.90900499
60,3000,0.0379741,490.2384188,48.31319665
60,3000,0.0373353,478.6138861,45.22755096
60,3000,0.0366964,467.7767606,42.3075763
60,3000,0.0360575,443.1141571,39.53627971
60,3000,0.0354187,433.9150914,36.89907895
60,3000,0.0347798,425.266262,34.38337579
60,3000,0.034141,417.1170725,31.97821856
60,3000,0.0335021,409.4169264,29.6740326
60,3000,0.0328632,402.1278764,27.46240297
60,3000,0.0384535,499.6620063,50.87243683
60,3000,0.0378147,487.370233,47.64548403
60,3000,0.0371758,475.9417615,44.59921626
60,3000,0.036537,465.2848858,41.71440451
60,3000,0.0358981,440.8531286,38.97472615
60,3000,0.0352592,431.7900408,36.36606456
60,3000,0.0346204,423.2677025,33.87623364
60,3000,0.0339815,415.9185693,31.49462508
60,3000,0.0333427,407.6302395,29.21195236
60,3000,0.0327038,400.4360578,27.02004402
80,500,0.0422374,415.3967934,53.93369665
80,500,0.0417225,407.1558979,51.23384892
80,500,0.0412076,399.3830194,48.65755419
80,500,0.0406927,392.0402106,46.19394746
80,500,0.0401778,385.0895243,43.8336273
80,500,0.0396628,378.4961754,41.56815986
80,500,0.0391479,372.2285411,39.39018733
80,500,0.038633,366.2613232,37.29304458
80,500,0.0381181,360.5755479,35.27085245
80,500,0.0376032,354.244668,33.31832937
80,500,0.0370883,349.0680195,31.43065714
80,500,0.0369159,347.4773939,30.94997822
80,500,0.0374308,352.5844723,32.81956597
80,500,0.0367435,345.9089041,30.47426562
80,500,0.0379457,357.9255592,34.75270507
80,500,0.0372585,350.9464124,32.32618331
80,500,0.0365712,344.3625504,30.00345158
80,500,0.0384606,364.4366889,36.75398024
80,500,0.0377734,356.2116048,34.24031209
80,500,0.0370861,349.3304886,31.83802507
80,500,0.0363988,342.8351702,29.53739857
80,500,0.0389756,370.3122008,38.82857164
80,500,0.0382883,362.637353,36.22117995
80,500,0.037601,354.5229485,33.73358841
80,500,0.0369137,347.7367006,31.35501811
80,500,0.0362264,341.3267638,29.07604324
80,500,0.0394905,376.4818046,40.98217159
80,500,0.0388032,368.4243211,38.27371339
80,500,0.0381159,360.8633152,35.69445177
80,500,0.0374286,352.8564282,33.2323662
80,500,0.0367413,346.1650486,30.87701508
80,500,0.036054,339.8404933,28.61925576
80,500,0.0400054,382.967636,43.22113244
80,500,0.0393181,374.4990565,40.40349044
80,500,0.0386308,366.5649018,37.72547657
80,500,0.0379435,358.2101642,35.17370328
80,500,0.0372562,351.215206,32.73656637
80,500,0.0365689,344.6155326,30.40394776
80,500,0.0358816,338.3731965,28.16697681
80,500,0.0405203,389.8044803,45.55267322
80,500,0.039833,380.8836951,42.61665649
80,500,0.0391457,372.5447689,39.83196487
80,500,0.0384584,364.733943,37.18365445
80,500,0.0377711,356.4930475,34.65875412
80,500,0.0370838,349.5961199,32.2460309
80,500,0.0363966,343.0849902,29.93567715
80,500,0.0357093,336.9248733,27.7190837
80,500,0.0410352,397.0176357,47.98478837
80,500,0.0403479,387.6035351,44.92008752
80,500,0.0396606,378.8282146,42.01993289
80,500,0.0389733,370.6252663,39.26744692
80,500,0.038286,362.9314448,36.64814637
80,500,0.0375988,354.7980666,34.14951855
80,500,0.0369115,347.9991697,31.76068614
80,500,0.0362242,341.5734215,29.47213949
80,500,0.0355369,335.4955238,27.27552081
80,500,0.0415501,404.651374,50.52666623
80,500,0.0408628,394.6965239,47.32161742
80,500,0.0401755,385.4436994,44.29602691
80,500,0.0394882,376.8106814,41.43079626
80,500,0.038801,368.7342243,38.70971366
80,500,0.0381137,361.1542447,36.11875834
80,500,0.0374264,353.128384,33.64582694
80,500,0.0367391,346.4243554,31.28038316
80,500,0.0360518,340.0839887,29.01320355
80,500,0.0353645,334.0819857,26.83617212
80,1000,0.0422374,457.338082,54.06610971
80,1000,0.0417225,448.2623452,51.35961292
80,1000,0.0412076,439.7052218,48.77697326
80,1000,0.0406927,431.6224401,46.30729898
80,1000,0.0401778,423.9697282,43.94116552
80,1000,0.0396628,416.7091387,41.67011827
80,1000,0.0391479,401.1791931,39.4867813
80,1000,0.038633,394.7502826,37.38447309
80,1000,0.0381181,388.6217885,35.3573
80,1000,0.0376032,382.7684125,33.39996747
80,1000,0.0370883,377.1711811,31.50764543
80,1000,0.0369159,375.4540643,31.0257891
80,1000,0.0374308,380.9722388,32.89998224
80,1000,0.0367435,373.7590835,30.54891126
80,1000,0.0379457,386.7433956,34.83788318
80,1000,0.0372585,379.2045256,32.40539094
80,1000,0.0365712,355.5412019,30.07694398
80,1000,0.0384606,392.7833459,36.84408793
80,1000,0.0377734,384.8903009,34.32423486
80,1000,0.0370861,377.4557861,31.91603685
80,1000,0.0363988,353.9663876,29.60974939
80,1000,0.0389756,399.1142258,38.92378939
80,1000,0.0382883,390.8448697,36.30998217
80,1000,0.037601,383.0656666,33.81626973
80,1000,0.0369137,375.735507,31.43184667
80,1000,0.0362264,352.410547,29.14726399
80,1000,0.0394905,414.492382,41.0826939
80,1000,0.0388032,397.0808812,38.36757148
80,1000,0.0381159,388.9316917,35.7819634
80,1000,0.0374286,381.2663307,33.31381955
80,1000,0.0367413,374.0373639,30.95267267
80,1000,0.036054,350.8736801,28.68935762
80,1000,0.0400054,421.632805,43.32716944
80,1000,0.0393181,412.3072482,40.50259457
80,1000,0.0386308,395.0791595,37.81799123
80,1000,0.0379435,387.0501365,35.25993896
80,1000,0.0372562,379.4922929,32.81680504
80,1000,0.0365689,355.8036709,30.47844647
80,1000,0.0358816,349.3589491,28.23597083
80,1000,0.0405203,429.1590258,45.66445281
80,1000,0.039833,419.3369914,42.72121194
80,1000,0.0391457,401.5238813,39.92966834
80,1000,0.0384584,393.1058982,37.27484139
80,1000,0.0377711,385.1938795,34.74372807
80,1000,0.0370838,377.7435533,32.32506778
80,1000,0.0363966,354.2225321,30.00902874
80,1000,0.0357093,347.8631917,27.78698062
80,1000,0.0410352,437.1026673,48.10255814
80,1000,0.0403479,426.7398834,45.03031649
80,1000,0.0396606,417.0791252,42.12302578
80,1000,0.0389733,399.4525895,39.36376693
80,1000,0.038286,391.1610975,36.73802108
80,1000,0.0375988,383.366083,34.23324478
80,1000,0.0369115,376.0169497,31.83853395
80,1000,0.0362242,352.6635292,29.54435555
80,1000,0.0355369,346.3864081,27.34233124
80,1000,0.0415501,445.504839,50.65069636
80,1000,0.0408628,434.5475469,47.43776141
80,1000,0.0401755,424.3586883,44.40472616
80,1000,0.0394882,414.8528817,41.53244519
80,1000,0.038801,397.4129204,38.80466683
80,1000,0.0381137,389.2447572,36.20733581
80,1000,0.0374264,381.5604225,33.72831902
80,1000,0.0367391,374.3156444,31.35705425
80,1000,0.0360518,351.1266623,29.08429536
80,1000,0.0353645,344.9285981,26.90190638
80,1500,0.0422374,466.767994,54.10310164
80,1500,0.0417225,457.5056828,51.39474145
80,1500,0.0412076,448.7746341,48.81032357
80,1500,0.0406927,440.5242517,46.33894877
80,1500,0.0401778,432.7102636,43.97118601
80,1500,0.0396628,425.3010471,41.69857486
80,1500,0.0391479,418.2586547,39.51373433
80,1500,0.038633,411.5577884,37.40997829
80,1500,0.0381181,405.1668252,35.38140906
80,1500,0.0376032,399.0636293,33.42272843
80,1500,0.0370883,393.229227,31.52910301
80,1500,0.0369159,391.4393779,31.04691852
80,1500,0.0374308,397.191561,32.92240262
80,1500,0.0367435,389.6716647,30.56971592
80,1500,0.0379457,403.2062131,34.86163836
80,1500,0.0372585,395.3479531,32.42747442
80,1500,0.0365712,372.0862386,30.09742721
80,1500,0.0384606,409.5054702,36.86922488
80,1500,0.0377734,401.2772237,34.34764008
80,1500,0.0370861,393.5264811,31.93778701
80,1500,0.0363988,370.4386919,29.62991445
80,1500,0.0389756,416.1051436,38.95035869
80,1500,0.0382883,407.4816125,36.33475516
80,1500,0.037601,399.3735325,33.83932887
80,1500,0.0369137,391.7303074,31.45326701
80,1500,0.0362264,368.810119,29.16711408
80,1500,0.0394905,423.0368563,41.11075003
80,1500,0.0388032,413.9864176,38.39376167
80,1500,0.0381159,405.4893775,35.80637658
80,1500,0.0374286,397.4983019,33.33653638
80,1500,0.0367413,389.9594319,30.97376661
80,1500,0.036054,367.2036819,28.70889587
80,1500,0.0400054,430.3290686,43.35677126
80,1500,0.0393181,420.8106128,40.53025522
80,1500,0.0386308,411.8961521,37.84380684
80,1500,0.0379435,403.5287654,35.28399641
80,1500,0.0372562,395.6483695,32.83918325
80,1500,0.0365689,372.3613568,30.49921739
80,1500,0.0358816,365.6162185,28.2552003
80,1500,0.0405203,438.010241,45.69566416
80,1500,0.039833,427.9858208,42.75040056
80,1500,0.0391457,418.6191544,39.95693842
80,1500,0.0384584,409.8406716,37.30028679
80,1500,0.0377711,401.5934515,34.76743376
80,1500,0.0370838,393.8237352,32.34711097
80,1500,0.0363966,370.7074855,30.02947991
80,1500,0.0357093,364.0508911,27.80590432
80,1500,0.0410352,446.1183209,48.13544837
80,1500,0.0403479,435.5373399,45.06109534
80,1500,0.0396606,425.6773581,42.15180652
80,1500,0.0389733,416.4593187,39.39065121
80,1500,0.038286,407.8136516,36.7631006
80,1500,0.0375988,399.686598,34.2566026
80,1500,0.0369115,392.0243993,31.86024566
80,1500,0.0362242,369.0757503,29.56449021
80,1500,0.0355369,362.5076996,27.36095212
80,1500,0.0415501,454.6912556,50.68534117
80,1500,0.0408628,443.5062796,47.47019813
80,1500,0.0401755,433.1087106,44.43507835
80,1500,0.0394882,423.410005,41.56082323
80,1500,0.038801,414.3342681,38.83116995
80,1500,0.0381137,405.8182544,36.23205362
80,1500,0.0374264,397.8050428,33.75133277
80,1500,0.0367391,390.2503615,31.37843794
80,1500,0.0360518,367.4661509,29.10411663
80,1500,0.0353645,360.9803195,26.92022732
80,2000,0.0422374,476.0113316,54.11711112
80,2000,0.0417225,475.4547708,51.40803941
80,2000,0.0412076,466.3790339,48.82294248
80,2000,0.0406927,457.8060991,46.35091827
80,2000,0.0401778,449.6885324,43.98253326
80,2000,0.0396628,441.985224,41.70932479
80,2000,0.0391479,434.6677135,39.52390995
80,2000,0.038633,427.7012158,37.41960087
80,2000,0.0381181,421.0604327,35.3904983
80,2000,0.0376032,414.720066,33.43130266
80,2000,0.0370883,408.6548175,31.53717929
80,2000,0.0369159,406.7953982,31.05487129
80,2000,0.0374308,412.7752653,32.93084864
80,2000,0.0367435,404.9581149,30.57754645
80,2000,0.0379457,419.0239259,34.87059434
80,2000,0.0372585,410.8557627,32.4357936
80,2000,0.0365712,395.6104221,30.10513677
80,2000,0.0384606,425.5698407,36.87870875
80,2000,0.0377734,417.0190419,34.35646428
80,2000,0.0370861,408.9647207,31.94598069
80,2000,0.0363988,393.855358,29.63750425
80,2000,0.0389756,432.4319832,38.96038972
80,2000,0.0382883,423.4700883,36.34410192
80,2000,0.037601,415.0426183,33.84802274
80,2000,0.0369137,407.0989769,31.46133652
80,2000,0.0362264,392.1255921,29.17458534
80,2000,0.0394905,439.6356517,41.12134902
80,2000,0.0388032,430.2278757,38.40364986
80,2000,0.0381159,421.3987964,35.8155878
80,2000,0.0374286,413.091493,33.34510133
80,2000,0.0367413,405.2585313,30.98171325
80,2000,0.036054,390.4179622,28.71624975
80,2000,0.0400054,447.2093067,43.36796066
80,2000,0.0393181,437.3177022,40.54070515
80,2000,0.0386308,428.0553909,37.85355388
80,2000,0.0379435,419.3591273,35.29307363
80,2000,0.0372562,411.1688282,32.84762068
80,2000,0.0365689,395.9013517,30.50704241
80,2000,0.0358816,388.7324682,28.26243797
80,2000,0.0405203,455.1940578,45.70746831
80,2000,0.039833,444.7743529,42.76143418
80,2000,0.0391457,435.0408623,39.96724114
80,2000,0.0384584,425.9176912,37.30989435
80,2000,0.0377711,417.3479188,34.77637847
80,2000,0.0370838,409.2746239,32.35542223
80,2000,0.0363966,394.1431253,30.03718455
80,2000,0.0357093,387.0659479,27.8130269
80,2000,0.0410352,463.6183655,48.14789373
80,2000,0.0403479,452.6231261,45.07273638
80,2000,0.0396606,442.3773464,42.16268636
80,2000,0.0389733,432.7956451,39.40080853
80,2000,0.038286,423.8116143,36.77257029
80,2000,0.0375988,415.3651707,34.26541628
80,2000,0.0369115,407.4057178,31.8684321
80,2000,0.0362242,392.4101971,29.57207568
80,2000,0.0355369,385.4247258,27.36796072
80,2000,0.0415501,472.5296639,50.69845659
80,2000,0.0408628,460.9051312,47.48247241
80,2000,0.0401755,450.0996285,44.44655848
80,2000,0.0394882,440.0182873,41.57155124
80,2000,0.038801,430.5883753,38.84118362
80,2000,0.0381137,421.7371601,36.24138702
80,2000,0.0374264,413.4108831,33.76001684
80,2000,0.0367391,405.5589476,31.38650084
80,2000,0.0360518,390.6962426,29.11158413
80,2000,0.0353645,383.8024773,26.92712303
80,2500,0.0422374,502.7262533,54.12236433
80,2500,0.0417225,492.7492673,51.4130195
80,2500,0.0412076,483.3446535,48.82766188
80,2500,0.0406927,474.4586533,46.3553883
80,2500,0.0401778,466.0438324,43.9867643
80,2500,0.0396628,458.0654059,41.7133264
80,2500,0.0391479,450.4791018,39.52769093
80,2500,0.038633,443.2596219,37.42316934
80,2500,0.0381181,436.3753434,35.39386181
80,2500,0.0376032,429.8041305,33.43446823
80,2500,0.0370883,423.5206847,31.54015343
80,2500,0.0369159,421.5916954,31.05779995
80,2500,0.0374308,427.7897596,32.93396695
80,2500,0.0367435,419.6880042,30.5804301
80,2500,0.0379457,434.2661042,34.87390869
80,2500,0.0372585,425.8006869,32.43886517
80,2500,0.0365712,410.5458595,30.10797586
80,2500,0.0384606,441.0491898,36.88222601
80,2500,0.0377734,432.1884878,34.35973002
80,2500,0.0370861,423.8400748,31.949006
80,2500,0.0363988,408.7243876,29.64029924
80,2500,0.0389756,448.1611523,38.96411728
80,2500,0.0382883,438.8735428,36.34756858
80,2500,0.037601,430.1393319,33.85124041
80,2500,0.0369137,421.9079231,31.46431607
80,2500,0.0362264,406.9282139,29.17733667
80,2500,0.0394905,455.6272898,41.12529482
80,2500,0.0388032,445.8779878,38.40732464
80,2500,0.0381159,436.7263563,35.81900442
80,2500,0.0374286,428.1186365,33.34827145
80,2500,0.0367413,420.0010697,30.98464751
80,2500,0.036054,405.1541761,28.71895786
80,2500,0.0400054,463.4792253,43.37213329
80,2500,0.0393181,453.2271211,40.54459584
80,2500,0.0386308,443.6264461,37.85717651
80,2500,0.0379435,434.6139548,35.29644079
80,2500,0.0372562,426.1264015,32.85074377
80,2500,0.0365689,410.8462759,30.50993185
80,2500,0.0358816,403.4054366,28.26510328
80,2500,0.0405203,471.7517436,45.71187709
80,2500,0.039833,460.9525654,42.76554916
80,2500,0.0391457,450.8648997,39.97107739
80,2500,0.0384584,441.4128517,37.31346545
80,2500,0.0377711,432.5300138,34.77969671
80,2500,0.0370838,424.1626271,32.35849879
80,2500,0.0363966,409.0216417,30.04002962
80,2500,0.0357093,401.6788329,27.81564983
80,2500,0.0410352,480.4827922,48.15254878
80,2500,0.0403479,469.0891058,45.07708475
80,2500,0.0396606,458.4701774,42.16674443
80,2500,0.0389733,448.5406256,39.40459102
80,2500,0.038286,439.2277179,36.77609045
80,2500,0.0375988,430.4745333,34.26868615
80,2500,0.0369115,422.2241509,31.87146262
80,2500,0.0362242,407.2223057,29.57487684
80,2500,0.0355369,399.9743653,27.37054168
80,2500,0.0415501,489.7198053,50.70336895
80,2500,0.0408628,477.6715274,47.48706403
80,2500,0.0401755,466.4707399,44.45084725
80,2500,0.0394882,456.0257368,41.57555313
80,2500,0.038801,446.2511366,38.84491298
80,2500,0.0381137,437.0773691,36.24485684
80,2500,0.0374264,428.4506756,33.76323887
80,2500,0.0367391,420.3141352,31.3894858
80,2500,0.0360518,405.4451056,29.1143418
80,2500,0.0353645,398.2888713,26.92966242
80,3000,0.0422374,528.0877201,54.12353078
80,3000,0.0417225,517.607932,51.41411724
80,3000,0.0412076,515.6030479,48.82869399
80,3000,0.0406927,506.1225395,46.35635758
80,3000,0.0401778,489.5585291,43.98767332
80,3000,0.0396628,481.175331,41.7141775
80,3000,0.0391479,473.2063913,39.52848629
80,3000,0.038633,467.8020588,37.42391099
80,3000,0.0381181,460.5351448,35.3945516
80,3000,0.0376032,437.1532637,33.4351079
80,3000,0.0370883,430.7623006,31.5407446
80,3000,0.0369159,428.7985262,31.05838208
80,3000,0.0374308,435.1009455,32.93459717
80,3000,0.0367435,427.5747247,30.58100328
80,3000,0.0379457,441.6911322,34.87458861
80,3000,0.0372585,433.0802501,32.43948605
80,3000,0.0365712,425.6615467,30.10854018
80,3000,0.0384606,465.4682979,36.88295732
80,3000,0.0377734,439.5755684,34.36040018
80,3000,0.0370861,431.0880152,31.94961765
80,3000,0.0363988,423.773667,29.6408548
80,3000,0.0389756,472.9723828,38.9649018
80,3000,0.0382883,463.1693221,36.34828966
80,3000,0.037601,437.4916275,33.85190091
80,3000,0.0369137,429.1210785,31.46491858
80,3000,0.0362264,421.9110854,29.17788355
80,3000,0.0394905,478.6138861,41.12613453
80,3000,0.0388032,470.5627272,38.40809845
80,3000,0.0381159,460.9051312,35.8197154
80,3000,0.0374286,435.436147,33.3489224
80,3000,0.0367413,427.8909525,30.98524096
80,3000,0.036054,420.0738021,28.71949615
80,3000,0.0400054,486.8611063,43.37303031
80,3000,0.0393181,476.0935508,40.5454243
80,3000,0.0386308,468.1878567,37.85793974
80,3000,0.0379435,442.042145,35.29714179
80,3000,0.0372562,433.4122893,32.85138527
80,3000,0.0365689,425.9746122,30.51051636
80,3000,0.0358816,418.2586547,28.26563307
80,3000,0.0405203,503.23538,45.71283374
80,3000,0.039833,484.2079553,42.76643436
80,3000,0.0391457,473.6111629,39.97189475
80,3000,0.0384584,465.8509335,37.31421822
80,3000,0.0377711,439.923419,34.78038784
80,3000,0.0370838,431.4137298,32.35913095
80,3000,0.0363966,424.0835702,30.04060526
80,3000,0.0357093,416.4688056,27.81617119
80,3000,0.0410352,512.5482877,48.15356755
80,3000,0.0403479,492.7555918,45.07802893
80,3000,0.0396606,481.5990763,42.16761795
80,3000,0.0389733,473.3739921,39.4053974
80,3000,0.038286,463.5456331,36.77683289
80,3000,0.0375988,437.8331534,34.26936751
80,3000,0.0369115,429.4436308,31.87208553
80,3000,0.0362242,422.2178264,29.5754437
80,3000,0.0355369,414.7010924,27.3710547
80,3000,0.0415501,514.4266806,50.70445257
80,3000,0.0408628,509.5504485,47.48806965
80,3000,0.0401755,490.0075726,44.45177915
80,3000,0.0394882,479.0313068,41.57641513
80,3000,0.038801,470.9580119,38.84570854
80,3000,0.0381137,461.27828,36.24558906
80,3000,0.0374264,435.7745107,33.76391057
80,3000,0.0367391,428.2103425,31.39009956
80,3000,0.0360518,420.3742185,29.11489998
80,3000,0.0353645,412.9555151,26.93016717
